Player Name,name,height,nationality,birth_place,birth_date,position,team_2014,team_2015,team_2016
Mike Miller,Mike Miller,6.67,,"Mitchell, South Dakota",19.2.1980,Small forward,Cleveland Cavaliers,Denver Nuggets,Denver Nuggets
Quincy Acy,Quincy Acy,6.58,,"Tyler, Texas",6.10.1990,Power forward Center,New York Knicks,Sacramento Kings,"Dallas Mavericks, Texas Legends, Brooklyn Nets"
Joe Johnson,Joe Johnson,6.58,American,"Little Rock, Arkansas",29.06.1981,Shooting guard Small forward,Brooklyn Nets,"Brooklyn Nets, Miami Heat",Utah Jazz
Brook Lopez,Brook Lopez,7.08,,"Los Angeles, California, U.S.",1.4.1988,Center,Brooklyn Nets,Brooklyn Nets,Brooklyn Nets
Davis Bertans,Dāvis Bertāns,6.83,,Valmiera,12.11.1992,Power forward,"KK Partizan, Saski Baskonia",Saski Baskonia,"Saski Baskonia, San Antonio Spurs, Austin Spurs"
DeAndre' Bembry,DeAndre' Bembry,6.42,American,"Charlotte, North Carolina",4.7.1994,Small forward Shooting guard,,,"Atlanta Hawks, Salt Lake City Stars"
Okaro White,Okaro White,6.67,American / Jamaican,"Brooklyn, New York",13.8.1992,Power forward,Virtus Pallacanestro Bologna,"Virtus Pallacanestro Bologna, Aris B.C.","Aris B.C., Sioux Falls Skyforce, Miami Heat"
Deron Williams,Deron Williams,6.25,,"Parkersburg, West Virginia",26.6.1984,Point guard,Brooklyn Nets,Dallas Mavericks,"Dallas Mavericks, Cleveland Cavaliers"
Glen Davis,Glen Davis,6.75,American,"Baton Rouge, Louisiana",1.1.1986,Power forward Center,Los Angeles Clippers,,
Raul Neto,Raul Neto,6.08,Brazilian / Italian,Belo Horizonte,19.5.1992,Point guard,"San Sebastián Gipuzkoa BC, CB Murcia","CB Murcia, Utah Jazz",Utah Jazz
Kevin Martin,Kevin Martin,6.58,American,"Zanesville, Ohio",1.2.1983,Shooting guard,Minnesota Timberwolves,"Minnesota Timberwolves, San Antonio Spurs",
Rudy Gay,Rudy Gay,6.67,,"New York City, New York, U.S.",17.8.1986,Small forward Power forward,Sacramento Kings,Sacramento Kings,Sacramento Kings
Marquese Chriss,Marquese Chriss,6.75,,"Sacramento, California",2.7.1997,Power forward,,,Phoenix Suns
Justise Winslow,Justise Winslow,6.5,,"Houston, Texas",26.03.1996,Small forward Point guard,,Miami Heat,Miami Heat
Emmanuel Mudiay,Emmanuel Mudiay,6.25,Congolese / American,"Kinshasa]], [[Zaire",5.3.1996,Point guard,Guangdong Southern Tigers,"Guangdong Southern Tigers, Denver Nuggets",Denver Nuggets
Erick Green,Erick Green,6.25,American,"Inglewood, California",9.5.1991,Shooting guard Point guard,"Mens Sana Basket, Denver Nuggets","Denver Nuggets, Fort Wayne Mad Ants, Reno Bighorns, Utah Jazz","Reno Bighorns, Olympiacos B.C."
E'Twaun Moore,E'Twaun Moore,6.25,American,"East Chicago, Indiana",25.2.1989,Shooting guard,Chicago Bulls,Chicago Bulls,New Orleans Pelicans
Josh Richardson,Josh Richardson,6.5,,"Edmond, Oklahoma",15.9.1993,Shooting guard Small forward,,"Miami Heat, Sioux Falls Skyforce","Miami Heat, Sioux Falls Skyforce"
Sergey Karasev,Sergey Karasev,6.58,Russian,Saint Petersburg,26.10.1993,Small forward Shooting guard,"Canton Charge, Brooklyn Nets",Brooklyn Nets,BC Zenit Saint Petersburg
Evan Turner,Evan Turner,6.5,American,"Chicago, Illinois",27.10.1988,Small forward,Boston Celtics,Boston Celtics,Portland Trail Blazers
Isaiah Canaan,Isaiah Canaan,6.0,,"Biloxi, Mississippi",21.5.1991,Shooting guard Point guard,"Houston Rockets,  Rio Grande Valley Vipers, Philadelphia 76ers"," Rio Grande Valley Vipers, Philadelphia 76ers",Chicago Bulls
Zoran Dragic,Zoran Dragić,,Slovenian,Yugoslavia,22.6.1989,Shooting guard Small forward,"Baloncesto Málaga, Phoenix Suns, Miami Heat"," Sioux Falls Skyforce, BC Khimki","BC Khimki, Pallacanestro Olimpia Milano"
Doug McDermott,Doug McDermott,6.5,,"Grand Forks, North Dakota",3.1.1992,Small forward,Chicago Bulls,Chicago Bulls,"Chicago Bulls, Oklahoma City Thunder"
Ray McCallum,Ray McCallum,,,"West Memphis, Arkansas",6.3.1961,,,,
Jusuf Nurkic,Jusuf Nurkić,6.92,Bosnian,Bosnia and Herzegovina,23.8.1994,Center,"KK Cedevita, Denver Nuggets",Denver Nuggets,"Denver Nuggets, Portland Trail Blazers"
Joel Anthony,Joel Anthony,6.75,Canadian,"Montreal, Quebec",9.8.1982,Center Power forward,Detroit Pistons,Detroit Pistons,San Antonio Spurs
Cameron Payne,Cameron Payne,6.08,,"Memphis, Tennessee",8.8.1994,Point guard,,"Oklahoma City Thunder, Oklahoma City Blue","Oklahoma City Thunder, Oklahoma City Blue, Chicago Bulls"
Troy Williams,Troy Williams,,American,"Hampton, Virginia",30.12.1994,Small forward,,,"Memphis Grizzlies, Iowa Wolves, Houston Rockets"
Henry Sims,Henry Sims,,,"Baltimore, Maryland",27.3.1990,Center Power forward,Philadelphia 76ers,"Grand Rapids Drive, Brooklyn Nets","Grand Rapids Drive, Salt Lake City Stars, Shanxi Brave Dragons"
Jarell Eddie,Jarell Eddie,6.58,American,"Tampa, Florida",30.10.1991,Small forward,Austin Spurs,"Austin Spurs, Washington Wizards","Austin Spurs, Phoenix Suns"
A.J. Price,A.J. Price,6.17,American,"Orange, New Jersey",7.10.1986,Point guard,"Indiana Pacers, Cleveland Cavaliers, Phoenix Suns",Shanghai Sharks,"Shanghai Sharks, Shandong Golden Stars"
Sebastian Telfair,Sebastian Telfair,6.0,American,"Brooklyn, New York",9.6.1985,Point guard,"Tianjin Ronggang, Oklahoma City Thunder, Xinjiang Flying Tigers",Xinjiang Flying Tigers,Fujian Sturgeons
Francisco Garcia,Francisco García,6.58,Dominican,"San Francisco de Macoris, Dominican Republic","December 31, 1981",Shooting guard Small forward,Houston Rockets,,Vaqueros de Bayamón
Patty Mills,"Patty Mills
<br/> {{post-nominals|size|=|100%|country|=|AUS|AM}}",6.0,,Canberra,11.8.1988,Point guard,San Antonio Spurs,San Antonio Spurs,San Antonio Spurs
Omer Asik,Ömer Aşık,7.17,Turkish,Bursa,4.7.1986,Center,New Orleans Pelicans,New Orleans Pelicans,New Orleans Pelicans
Kawhi Leonard,Kawhi Leonard,6.58,,"Los Angeles, California",29.06.1991,Small forward,San Antonio Spurs,San Antonio Spurs,San Antonio Spurs
Denzel Valentine,Denzel Valentine,6.33,American,"Lansing, Michigan",16.11.1993,Shooting guard,,,Chicago Bulls
Quincy Miller,Quincy Miller,6.83,,"Chicago, Illinois",18.11.1992,Small forward Power forward,"Reno Bighorns, Sacramento Kings, Detroit Pistons","Reno Bighorns, Reno Bighorns,  Grand Rapids Drive, KK Crvena zvezda","KK Crvena zvezda, Maccabi Tel Aviv B.C."
DeAndre Liggins,DeAndre Liggins,6.5,American,"Chicago, Illinois",31.3.1988,Shooting guard Small forward,"Sioux Falls Skyforce, Sioux Falls Skyforce, BC Krasny Oktyabr","BC Krasny Oktyabr, Eisbären Bremerhaven, Sioux Falls Skyforce","Sioux Falls Skyforce, Cleveland Cavaliers, Dallas Mavericks"
Hollis Thompson,Hollis Thompson,6.58,American,"Pasadena, California",3.4.1991,Shooting guard Small forward,Philadelphia 76ers,Philadelphia 76ers,"Philadelphia 76ers, New Orleans Pelicans"
Grant Jerrett,Grant Jerrett,6.83,American,"Costa Mesa, California",8.7.1993,Power forward,"Oklahoma City Blue, Oklahoma City Thunder, Oklahoma City Blue, Utah Jazz","Oklahoma City Blue, Idaho Stampede","Canton Charge, Beijing Ducks"
Josh McRoberts,Josh McRoberts,6.83,American,"Indianapolis, Indiana",28.2.1987,Power forward,Miami Heat,Miami Heat,Miami Heat
Gary Harris,Gary Harris,6.33,,"Fishers, Indiana",14.09.1994,Shooting guard,Denver Nuggets,Denver Nuggets,Denver Nuggets
Jonas Jerebko,Jonas Jerebko,6.83,Swedish,"Kinna]], [[Sweden",2.3.1987,Power forward,"Detroit Pistons, Boston Celtics",Boston Celtics,Boston Celtics
John Henson,John Henson,6.75,American,"Greensboro, North Carolina",28.12.1990,Power forward Center,Milwaukee Bucks,Milwaukee Bucks,Milwaukee Bucks
Kendall Marshall,Kendall Marshall,6.33,American,"Dumfries, Virginia",19.8.1991,Point guard,Milwaukee Bucks,Philadelphia 76ers,Reno Bighorns
PJ Tucker,P. J. Tucker,6.42,,"Raleigh, North Carolina",5.5.1985,Power forward Small forward,Phoenix Suns,Phoenix Suns,"Phoenix Suns, Toronto Raptors"
Adreian Payne,Adreian Payne,6.83,,"Dayton, Ohio",19.02.1991,Center Power forward,"Atlanta Hawks, Fort Wayne Mad Ants, Austin Spurs, Minnesota Timberwolves","Austin Spurs, Minnesota Timberwolves","Minnesota Timberwolves, Erie BayHawks (2008–2017)"
Nicolas Batum,Nicolas Batum,6.67,,Lisieux,14.12.1988,Small forward Power forward,Portland Trail Blazers,Charlotte Hornets,Charlotte Hornets
Marc Gasol,Marc Gasol,6.92,Spanish,Barcelona,29.1.1985,Center,Memphis Grizzlies,Memphis Grizzlies,Memphis Grizzlies
Chase Budinger,Chase Budinger,6.58,American,"Encinitas, California",22.5.1988,Small forward,Minnesota Timberwolves,"Indiana Pacers, Phoenix Suns",Saski Baskonia
Cristiano Felicio,Cristiano Felício,6.92,Brazilian,Pouso Alegre,7.7.1992,Center Power forward,Flamengo Basketball,"Flamengo Basketball, Chicago Bulls, Canton Charge","Chicago Bulls, Canton Charge, Windy City Bulls"
Kevon Looney,Kevon Looney,6.75,,"Milwaukee, Wisconsin",6.2.1996,Power forward Center,,Golden State Warriors,Santa Cruz Warriors
Rajon Rondo,Rajon Rondo,6.08,,"Louisville, Kentucky",22.2.1986,Point guard,"Boston Celtics, Dallas Mavericks",Sacramento Kings,Chicago Bulls
Pau Gasol,Pau Gasol,7.08,,Barcelona,6.7.1980,Power forward Center,Chicago Bulls,Chicago Bulls,San Antonio Spurs
Martell Webster,Martell Webster,6.58,American,"Edmonds, Washington",4.12.1986,Small forward Shooting guard,,,
Brandon Jennings,Brandon Jennings,6.08,American,"Compton, California",23.9.1989,Point guard,Detroit Pistons,"Detroit Pistons, Grand Rapids Drive, Orlando Magic","New York Knicks, Washington Wizards"
Dario Saric,Dario Šarić,,,Šibenik,8.4.1994,Power forward,"KK Cibona, Anadolu Efes S.K.",Anadolu Efes S.K.,"Anadolu Efes S.K., Philadelphia 76ers"
Blake Griffin,Blake Griffin,6.75,,"Oklahoma City, Oklahoma",16.3.1989,Center Power forward,Los Angeles Clippers,Los Angeles Clippers,Los Angeles Clippers
Malcolm Brogdon,Malcolm Brogdon,6.33,American,"Atlanta, Georgia",11.12.1992,Point guard Shooting guard,,,Milwaukee Bucks
Perry Jones III,Perry Jones,6.92,American,"Winnsboro, Louisiana",24.9.1991,Small forward Power forward,Oklahoma City Thunder,Iowa Wolves,"Iowa Wolves, BC Khimki, Iowa Energy / Wolves"
Kevin Durant,Kevin Durant,6.83,,"Washington, D.C.",29.9.1988,Small forward Power forward,Seattle SuperSonics / <br />Oklahoma City Thunder,Seattle SuperSonics / <br />Oklahoma City Thunder,Golden State Warriors
Joe Ingles,Joe Ingles,6.75,,Adelaide,2.10.1987,Small forward Shooting guard,"Maccabi Tel Aviv B.C., Utah Jazz",Utah Jazz,Utah Jazz
Ed Davis,Ed Davis,6.75,American,"Washington, D.C.",5.6.1989,Power forward Center,Los Angeles Lakers,Portland Trail Blazers,Portland Trail Blazers
Solomon Hill,Solomon Hill,6.5,,"Harvey, Illinois",18.3.1991,Small forward Power forward,"Indiana Pacers, Fort Wayne Mad Ants",Indiana Pacers,New Orleans Pelicans
Deyonta Davis,Deyonta Davis,6.92,American,"Muskegon, Michigan",2.12.1996,Power forward Center,,,Memphis Grizzlies
Shane Larkin,Shane Larkin,6.0,American / Turkish,"Saint Charles, Iowa",2.10.1992,Point guard," Texas Legends, New York Knicks",Brooklyn Nets,Saski Baskonia
CJ Watson,C. J. Watson,6.17,American,"Las Vegas]], [[Nevada",17.4.1984,Point guard,Indiana Pacers,Orlando Magic,Orlando Magic
Terry Rozier,Terry Rozier,6.17,,"Youngstown, Ohio",17.3.1994,Shooting guard Point guard,,"Boston Celtics, Maine Red Claws","Boston Celtics, Maine Red Claws"
Carl Landry,Carl Landry,6.75,American,"Milwaukee, Wisconsin",19.9.1983,Power forward,Sacramento Kings,Philadelphia 76ers,
Timofey Mozgov,Timofey Mozgov,7.08,Russian,"Russian SFSR]], [[Soviet Union",16.7.1986,Center,"Denver Nuggets, Cleveland Cavaliers",Cleveland Cavaliers,Los Angeles Lakers
Reggie Williams,Reggie Williams,6.58,American,"Baltimore, Maryland",05.03.1964,Shooting guard,,,
Robin Lopez,Robin Lopez,7.0,,"Los Angeles, California",1.4.1988,Center,Portland Trail Blazers,New York Knicks,Chicago Bulls
Russ Smith,Russ Smith,6.0,American,"New York City, New York",19.4.1991,Point guard,"New Orleans Pelicans, Fort Wayne Mad Ants","Fort Wayne Mad Ants, Memphis Grizzlies, Iowa Energy","Delaware 87ers, Galatasaray S.K. (men's basketball)"
J.J. Barea,J. J. Barea,5.83,Puerto Rican,"Mayagüez, Puerto Rico",26.6.1984,Point guard,Dallas Mavericks,Dallas Mavericks,Dallas Mavericks
Troy Daniels,Troy Daniels,,American,"Roanoke, Virginia",15.7.1991,Shooting guard,"Rio Grande Valley Vipers, Houston Rockets,  Rio Grande Valley Vipers, Minnesota Timberwolves, Charlotte Hornets",Charlotte Hornets,Memphis Grizzlies
Marcus Smart,Marcus Smart,6.33,,"Flower Mound, Texas",6.3.1994,Point guard Shooting guard,"Boston Celtics, Maine Celtics",,
Briante Weber,Brianté Weber,6.17,American,"Chesapeake, Virginia",29.12.1992,Point guard,,"Sioux Falls Skyforce, Memphis Grizzlies, Miami Heat","Sioux Falls Skyforce, Sioux Falls Skyforce, Golden State Warriors, Charlotte Hornets"
Danny Granger,Danny Granger,6.75,American,"New Orleans]], [[Louisiana",20.4.1983,Small forward,Miami Heat,,
Aaron Brooks,Aaron Brooks,6.0,,"Seattle, Washington",14.1.1985,Point guard,Chicago Bulls,Chicago Bulls,Indiana Pacers
Dwyane Wade,Dwyane Wade,6.33,,"Chicago, Illinois",17.1.1982,Shooting guard,Miami Heat,Miami Heat,Chicago Bulls
Al-Farouq Aminu,Al-Farouq Aminu,6.67,American / Nigerian,"Atlanta, Georgia",21.9.1990,Small forward Power forward,Dallas Mavericks,Portland Trail Blazers,Portland Trail Blazers
Alan Anderson,Alan Anderson,6.5,American,"Minneapolis, Minnesota",16.10.1982,Shooting guard Small forward,Brooklyn Nets,Washington Wizards,Los Angeles Clippers
Chris Copeland,Chris Copeland,6.67,American,"Orange, New Jersey",17.3.1984,Small forward,Indiana Pacers,Milwaukee Bucks,Tofaş S.K.
Al Jefferson,Al Jefferson,6.83,,"Monticello, Mississippi",4.1.1985,Center Power forward,Charlotte Hornets,Charlotte Hornets,Indiana Pacers
Tarik Black,Tarik Black,6.75,American,"Memphis, Tennessee",22.11.1991,Center,"Houston Rockets, Los Angeles Lakers",Los Angeles Lakers,"Los Angeles Lakers,  South Bay Lakers"
Chris McCullough,Chris McCullough,6.83,American,"The Bronx, New York",5.2.1995,Power forward,,Brooklyn Nets,"Brooklyn Nets, Long Island Nets, Washington Wizards"
Elfrid Payton,Elfrid Payton,6.25,,"Gretna, Louisiana",22.2.1994,Point guard,Orlando Magic,Orlando Magic,Orlando Magic
LaMarcus Aldridge,LaMarcus Aldridge,6.92,,"Dallas, Texas",19.7.1985,Center Power forward,Portland Trail Blazers,San Antonio Spurs,San Antonio Spurs
Jason Terry,Jason Terry,6.17,American,"Seattle, Washington",15.9.1977,Shooting guard,Houston Rockets,Houston Rockets,Milwaukee Bucks
Patrick McCaw,Patrick McCaw,6.58,,"St. Louis, Missouri",25.10.1995,Shooting guard Small forward,,,"Golden State Warriors, Santa Cruz Warriors"
Pero Antic,Pero Antić,{{height|m|=|2.11}},Macedonian,SFR Yugoslavia,29.7.1982,Power forward Center,Atlanta Hawks,Fenerbahçe Men's Basketball,Fenerbahçe Men's Basketball
Jordan McRae,Jordan McRae,6.42,American,"Savannah, Georgia",28.3.1991,Shooting guard Small forward,Melbourne United,"Melbourne United, Delaware 87ers, Phoenix Suns, Cleveland Cavaliers","Delaware 87ers, Cleveland Cavaliers, Canton Charge"
Jeff Taylor,Jeff Taylor,6.33,American,"Blytheville, Arkansas",01.01.1960,Point guard,,,
Domantas Sabonis,Domantas Sabonis,7.08,Lithuanian / American,"Portland, Oregon",3.5.1996,Center Power forward,Baloncesto Málaga,,Oklahoma City Thunder
Jon Leuer,Jon Leuer,6.83,,"Long Lake, Minnesota",14.05.1989,Power forward Center,Memphis Grizzlies,Phoenix Suns,Detroit Pistons
Mindaugas Kuzminskas,Mindaugas Kuzminskas,6.75,Lithuanian,"Lithuanian SSR]], [[Soviet Union",19.10.1989,Small forward Power forward,Baloncesto Málaga,Baloncesto Málaga,"Baloncesto Málaga, New York Knicks"
Jodie Meeks,Jodie Meeks,6.33,,"Nashville, Tennessee",21.8.1987,Shooting guard,Detroit Pistons,Detroit Pistons,Orlando Magic
Larry Drew II,Larry Drew II,6.17,American,"Encino, California",5.3.1990,Point guard,"Sioux Falls Skyforce, Philadelphia 76ers","Sioux Falls Skyforce, Sioux Falls Skyforce, AS Monaco Basket","AS Monaco Basket, Sioux Falls Skyforce, BC Neptūnas"
Jerian Grant,Jerian Grant,,American,"Silver Spring, Maryland",9.10.1992,Point guard Shooting guard,,New York Knicks,"Chicago Bulls,  Windy City Bulls"
Yogi Ferrell,Kevin “Yogi” Ferrell,6.0,American,"Stinesville, Indiana",9.5.1993,Point guard,,,"Brooklyn Nets,  Long Island Nets, Long Island Nets, Dallas Mavericks"
Tristan Thompson,Tristan Thompson,6.75,"{{hlist|Canadian|American}}, {{hlist|Canadian|American}}, {{hlist|Canadian|American}}","Brampton]], [[Ontario",13.3.1991,Power forward Center,Cleveland Cavaliers,Cleveland Cavaliers,Cleveland Cavaliers
Kyle Anderson,Kyle Anderson,6.75,,"New York City, New York",20.9.1993,Small forward Power forward,"San Antonio Spurs, Austin Spurs","San Antonio Spurs, Austin Spurs",San Antonio Spurs
Markel Brown,Markel Brown,6.25,American,"Alexandria, Louisiana",29.1.1992,Shooting guard Point guard,Brooklyn Nets,"Brooklyn Nets, Maine Red Claws",BC Khimki
Austin Daye,Austin Daye,,,"Irvine, California",5.6.1988,Power forward,"San Antonio Spurs, Austin Toros, Atlanta Hawks","Erie BayHawks (2008–2017), Victoria Libertas Pesaro","Victoria Libertas Pesaro, Manama Club, Galatasaray S.K. (men's basketball)"
Malachi Richardson,Malachi Richardson,6.5,American,"Trenton, New Jersey",5.1.1996,Shooting guard Small forward,,,"Sacramento Kings, Stockton Kings"
Spencer Hawes,Spencer Hawes,7.08,,"Seattle, Washington",28.4.1988,Center Power forward,Los Angeles Clippers,Charlotte Hornets,"Charlotte Hornets, Milwaukee Bucks"
Marcus Morris,Marcus Morris Sr.,6.67,,"Philadelphia, Pennsylvania",2.9.1989,Power forward,Phoenix Suns,Detroit Pistons,Detroit Pistons
Shawn Marion,Shawn Marion,6.58,American,"Waukegan, Illinois",7.5.1978,Small forward,Cleveland Cavaliers,,
Alex Len,Alex Len,7.17,,Antratsyt,16.6.1993,Center,Phoenix Suns,Phoenix Suns,Phoenix Suns
Taj Gibson,Taj Gibson,6.75,,"New York City, New York, U.S.",24.06.1985,Power forward Center,Chicago Bulls,Chicago Bulls,"Chicago Bulls, Oklahoma City Thunder"
Aron Baynes,Aron Baynes,6.83,Australian,Gisborne,9.12.1986,Center Power forward,San Antonio Spurs,Detroit Pistons,Detroit Pistons
Larry Sanders,Larry Sanders,6.92,American,"Fort Pierce, Florida",21.11.1988,Center Power forward,Milwaukee Bucks,,Cleveland Cavaliers
Allen Crabbe,Allen Crabbe,6.42,American,"Los Angeles, California",9.4.1992,Shooting guard Small forward,"Portland Trail Blazers, Idaho Stampede",Portland Trail Blazers,Portland Trail Blazers
Anthony Bennett,Anthony Bennett,6.67,,Toronto,14.3.1993,Power forward,Minnesota Timberwolves,"Toronto Raptors, Raptors 905","Raptors 905, Brooklyn Nets, Long Island Nets"
Joey Dorsey,Joey Dorsey,6.75,American,"Baltimore, Maryland",16.12.1983,Power forward Center,"FC Barcelona Bàsquet, Houston Rockets",Galatasaray S.K. (men's basketball),"Galatasaray S.K. (men's basketball), Barcelona"
Kelly Oubre Jr.,Kelly Oubre Jr.,6.5,,"New Orleans, Louisiana",9.12.1995,Small forward,,Washington Wizards,Washington Wizards
Gorgui Dieng,Gorgui Dieng,6.83,,Kébémer,18.1.1990,Center,Minnesota Timberwolves,Minnesota Timberwolves,Minnesota Timberwolves
Will Barton,Will Barton,6.42,,"Baltimore, Maryland",6.1.1991,Shooting guard]]|[[small forward,"Portland Trail Blazers, Denver Nuggets",Denver Nuggets,Denver Nuggets
Rashad Vaughn,Rashad Vaughn,6.5,American,"Minneapolis, Minnesota",16.8.1996,Shooting guard,,Milwaukee Bucks,"Milwaukee Bucks,  Canton Charge,  Westchester Knicks"
Jeff Ayres,Jeff Ayres,6.83,American,"Ontario, California",29.4.1987,Power forward Center,San Antonio Spurs,"Idaho Stampede, Los Angeles Clippers","Idaho Stampede, Los Angeles D-Fenders, PBC CSKA Moscow, Los Angeles D-Fenders"
Shawn Long,Shawn Long,6.75,American,"Morgan City, Louisiana",29.1.1993,Power forward Center,,,"Delaware Blue Coats, Philadelphia 76ers"
Sergio Rodriguez,Sergio Rodríguez,,Spanish,"Santa Cruz de Tenerife]], <br>[[Canary Islands",12.6.1986,Point guard,Real Madrid Baloncesto,Real Madrid Baloncesto,"Real Madrid Baloncesto, Philadelphia 76ers"
Ian Mahinmi,Ian Mahinmi,6.92,French,Rouen,5.11.1986,Center,Indiana Pacers,Indiana Pacers,Washington Wizards
DeAndre Jordan,DeAndre Jordan,6.92,,"Houston, Texas",21.7.1988,Center,Los Angeles Clippers,Los Angeles Clippers,Los Angeles Clippers
Rodney Hood,Rodney Hood,6.67,,"Meridian, Mississippi",20.10.1992,Small forward,Utah Jazz,Utah Jazz,Utah Jazz
Anthony Morrow,Anthony Morrow,6.42,American,"Charlotte, North Carolina",27.9.1985,Shooting guard,Oklahoma City Thunder,Oklahoma City Thunder,"Oklahoma City Thunder, Chicago Bulls"
Karl-Anthony Towns,Karl-Anthony Towns,7.0,American / Dominican,"Edison, New Jersey",15.11.1995,Power forward Center,,Minnesota Timberwolves,
Jordan Hamilton,Jordan Hamilton,6.58,,"Los Angeles, California",6.10.1990,Small forward,"Iowa Energy, Reno Bighorns, Los Angeles Clippers","Reno Bighorns, BC Krasny Oktyabr, New Orleans Pelicans","Rio Grande Valley Vipers, Bucaneros de La Guaira, Tofaş S.K., Guaros de Lara (basketball)"
Corey Brewer,Corey Brewer,6.75,American,"Portland, Tennessee",5.3.1986,Small forward,"Minnesota Timberwolves, Houston Rockets",Houston Rockets,"Houston Rockets, Los Angeles Lakers"
Sonny Weems,Sonny Weems,6.5,American,"West Memphis, Arkansas",8.7.1986,Small forward Shooting guard,PBC CSKA Moscow,"PBC CSKA Moscow, Phoenix Suns, Philadelphia 76ers",Maccabi Tel Aviv B.C.
Eric Bledsoe,Eric Bledsoe,6.08,,"Birmingham, Alabama",09.12.1989,Point guard,Phoenix Suns,Phoenix Suns,Phoenix Suns
Ryan Hollins,Ryan Hollins,7.0,American,"Pasadena, California",10.10.1984,Center Power forward,Sacramento Kings,"Washington Wizards, Memphis Grizzlies",CB Gran Canaria
Jason Richardson,Jason Richardson,6.5,American,"Saginaw, Michigan",20.1.1981,Shooting guard,Philadelphia 76ers,,
Nikola Jokic,Nikola Jokić,6.92,Serbian,FR Yugoslavia,19.2.1995,Center,KK Mega Basket,"KK Mega Basket, Denver Nuggets",
Derrick Rose,Derrick Rose,6.25,,"Chicago, Illinois",4.10.1988,Point guard,Chicago Bulls,Chicago Bulls,New York Knicks
CJ McCollum,CJ McCollum,6.25,,"Canton, Ohio",19.09.1991,Shooting guard Point guard,"Portland Trail Blazers, Idaho Stampede",Portland Trail Blazers,Portland Trail Blazers
John Wall,John Wall,6.25,,"Raleigh, North Carolina",6.9.1990,Point guard,Washington Wizards,Washington Wizards,Washington Wizards
Kevin Garnett,Kevin Garnett,6.92,American,"Greenville, South Carolina",19.5.1976,Power forward,"Brooklyn Nets, Minnesota Timberwolves",Minnesota Timberwolves,
Chasson Randle,Chasson Randle,6.17,American,"Rock Island, Illinois",5.2.1993,Point guard,,Basketball Nymburk,"Basketball Nymburk, Westchester Knicks, Philadelphia 76ers, New York Knicks"
Joe Harris,Joe Harris,6.5,,"Chelan, Washington",6.9.1991,Small forward Shooting guard,Cleveland Cavaliers,"Cleveland Cavaliers, Canton Charge",Brooklyn Nets
D.J. Augustin,D. J. Augustin,5.92,,"New Orleans, Louisiana",10.11.1987,Point guard,"Detroit Pistons, Oklahoma City Thunder","Oklahoma City Thunder, Denver Nuggets",Orlando Magic
Hedo Turkoglu,Hedo Türkoğlu,6.83,,Istanbul,19.3.1979,Small forward,Los Angeles Clippers,,
Tony Wroten,Tony Wroten,6.5,,"Renton, Washington",13.4.1993,Point guard Shooting guard,Philadelphia 76ers,Philadelphia 76ers,"Philadelphia 76ers, Texas Legends"
Kyrie Irving,Kyrie Irving,6.17,American,"Melbourne, Victoria",23.3.1992,Point guard,Cleveland Cavaliers,Cleveland Cavaliers,Cleveland Cavaliers
Stephen Curry,Stephen Curry,6.17,,"Akron, Ohio",14.3.1988,Point guard,,,
Tony Parker,Tony Parker,6.17,French / American,Bruges,17.5.1982,Point guard,San Antonio Spurs,San Antonio Spurs,San Antonio Spurs
Ian Clark,Ian Clark,6.25,American,"Memphis, Tennessee",7.3.1991,Shooting guard,"Utah Jazz, Bakersfield Jam, Denver Nuggets","Idaho Stampede, Golden State Warriors",Golden State Warriors
Nene,Nenê,6.92,Brazilian,São Carlos,13.9.1982,Center Power forward,Washington Wizards,Washington Wizards,Houston Rockets
Ryan Kelly,Ryan Kelly,6.92,American,"Carmel, New York",9.4.1991,Power forward,"Los Angeles Lakers, Los Angeles D-Fenders","Los Angeles Lakers, Los Angeles D-Fenders","Los Angeles D-Fenders, Atlanta Hawks"
Jae Crowder,Jae Crowder,6.5,,"Villa Rica, Georgia",6.7.1990,Small forward Power forward,"Dallas Mavericks, Texas Legends, Boston Celtics",Boston Celtics,Boston Celtics
Festus Ezeli,Festus Ezeli,6.92,Nigerian / American,"Benin City]], [[Nigeria",21.10.1989,Center,Golden State Warriors,"Golden State Warriors, Santa Cruz Warriors",
James Harden,James Harden,6.42,,"Los Angeles, California",26.8.1989,Point guard Shooting guard,Houston Rockets,Houston Rockets,Houston Rockets
Evan Fournier,Evan Fournier,6.5,French,"Saint-Maurice, Val-de-Marne]], [[France",29.10.1992,Shooting guard Small forward,Orlando Magic,Orlando Magic,Orlando Magic
Channing Frye,Channing Frye,7.0,American,"White Plains, New York",17.5.1983,Power forward Center,Orlando Magic,"Orlando Magic, Cleveland Cavaliers",Cleveland Cavaliers
Kenneth Faried,Kenneth Faried,6.67,American,"Newark, New Jersey",19.11.1989,Power forward Center,Denver Nuggets,Denver Nuggets,Denver Nuggets
Dante Exum,Dante Exum,6.5,Australian,Victoria,13.7.1995,Point guard Shooting guard,Utah Jazz,Utah Jazz,Utah Jazz
Andrew Bogut,Andrew Bogut,7.0,Australian,"Melbourne, Victoria",28.11.1984,Center,Golden State Warriors,Golden State Warriors,"Dallas Mavericks, Cleveland Cavaliers"
Brandan Wright,Brandan Wright,6.83,American,"Nashville, Tennessee",5.10.1987,Power forward Center,"Dallas Mavericks, Boston Celtics, Phoenix Suns",Memphis Grizzlies,Memphis Grizzlies
Patrick Beverley,Patrick Beverley,6.17,,"Chicago, Illinois",12.7.1988,Point guard,Houston Rockets,Houston Rockets,Houston Rockets
Cory Joseph,Cory Joseph,6.25,,"Toronto, Ontario",20.08.1991,Point guard,San Antonio Spurs,Toronto Raptors,Toronto Raptors
Ivica Zubac,Ivica Zubac,7.0,Croatian,Mostar,18.3.1997,Center,"KK Zrinjevac, KK Cibona",KK Cibona,"KK Cibona, KK Mega Basket, Los Angeles Lakers, South Bay Lakers"
O.J. Mayo,O. J. Mayo,6.42,American,"Huntington, West Virginia",5.11.1987,Shooting guard,Milwaukee Bucks,Milwaukee Bucks,
Brian Roberts,Brian Roberts,6.17,American,"Toledo, Ohio",3.12.1985,Point guard,Charlotte Hornets,"Charlotte Hornets, Portland Trail Blazers",Charlotte Hornets
Caron Butler,Caron Butler,6.58,American,"Racine, Wisconsin",13.3.1980,Small forward,Detroit Pistons,Sacramento Kings,
Arron Afflalo,Arron Afflalo,6.42,American,"Los Angeles, California",15.10.1985,Shooting guard Small forward,"Denver Nuggets, Portland Trail Blazers",New York Knicks,Sacramento Kings
Darrun Hilliard,Darrun Hilliard,6.5,,"Bethlehem, Pennsylvania",13.4.1993,Shooting guard Small forward,,"Detroit Pistons,  Grand Rapids Drive","Detroit Pistons,  Grand Rapids Drive"
Clint Capela,Clint Capela,7.0,,Geneva,18.5.1994,Center,"Élan Chalon, Houston Rockets, Rio Grande Valley Vipers","Houston Rockets, Rio Grande Valley Vipers",Houston Rockets
Pablo Prigioni,Pablo Prigioni,6.33,Argentine / Italian,"Río Tercero, Córdoba",17.5.1977,Point guard,"New York Knicks, Houston Rockets",Los Angeles Clippers,Baskonia
Eric Gordon,Eric Gordon,6.25,,"Indianapolis, Indiana",25.12.1988,Shooting guard Small forward,New Orleans Pelicans,New Orleans Pelicans,Houston Rockets
James Michael McAdoo,James Michael McAdoo,6.75,American,"Norfolk, Virginia",4.1.1993,Power forward,"Santa Cruz Warriors, Golden State Warriors","Santa Cruz Warriors, Golden State Warriors, Santa Cruz Warriors",Golden State Warriors
Tyler Ennis,Tyler Ennis,6.25,Canadian,"Toronto, Ontario",24.8.1994,Point guard,"Phoenix Suns, Bakersfield Jam, Milwaukee Bucks","Bakersfield Jam, Milwaukee Bucks","Houston Rockets, Los Angeles Lakers"
Pierre Jackson,Pierre Jackson,5.92,American,"Las Vegas, Nevada",29.8.1991,Point guard,"Idaho Stampede, Fenerbahçe Men's Basketball",,"Idaho Stampede, KK Cedevita, Texas Legends, Dallas Mavericks"
Hassan Whiteside,Hassan Whiteside,7.0,,"Gastonia, North Carolina",13.6.1989,Center,"Al Mouttahed Tripoli, Jiangsu Monkey King, Iowa Energy, Miami Heat, Sioux Falls Skyforce",Miami Heat,Miami Heat
Giannis Antetokounmpo,Giannis Antetokounmpo,7.0,"{{hlist|Greek|Nigerian}}, {{hlist|Greek|Nigerian}}, {{hlist|Greek|Nigerian}}",Athens,6.12.1994,Power forward,,,
Cory Jefferson,Cory Jefferson,6.75,,"Tacoma, Washington",26.12.1990,Power forward,Brooklyn Nets,"Maine Red Claws, Phoenix Suns","Northern Arizona Suns, Austin Spurs"
Kelly Olynyk,Kelly Olynyk,6.92,,"Toronto, Ontario",19.4.1991,Power forward Center,Boston Celtics,Boston Celtics,Boston Celtics
Thon Maker,Thon Maker,7.0,South Sudanese / Australian,"Wau]], Sudan (now [[South Sudan",25.2.1997,Center Power forward,,,Milwaukee Bucks
Elijah Millsap,Elijah Millsap,6.5,American,"Grambling, Louisiana",12.8.1987,Shooting guard Small forward,"Maccabi Ashdod B.C., Los Angeles D-Fenders, Bakersfield Jam, Utah Jazz","Bakersfield Jam, Utah Jazz","Maccabi Tel Aviv B.C., San Miguel Beermen, Northern Arizona Suns, Phoenix Suns"
Greg Monroe,Greg Monroe,6.92,,"Baton Rouge, Louisiana",4.6.1990,Power forward Center,Detroit Pistons,Milwaukee Bucks,Milwaukee Bucks
Dejounte Murray,Dejounte Murray,6.42,,"Seattle, Washington",19.9.1996,Shooting guard Point guard,,,"San Antonio Spurs, Austin Spurs"
Sheldon McClellan,Sheldon Mac,6.42,American,"Houston, Texas",21.12.1992,Shooting guard Small forward,,,"Washington Wizards, Delaware 87ers"
Jonathon Simmons,Jonathon Simmons,6.5,American,"Houston, Texas",14.9.1989,Shooting guard Small forward,Austin Spurs,"Austin Spurs, San Antonio Spurs, Austin Spurs","San Antonio Spurs, Austin Spurs"
Delon Wright,Delon Wright,6.42,,"Los Angeles, California",26.4.1992,Point guard Shooting guard,,"Toronto Raptors, Raptors 905","Toronto Raptors, Raptors 905"
Zaza Pachulia,Zaza Pachulia,6.92,Georgian / Turkish,"Georgian SSR]], [[Soviet Union",10.2.1984,Center,Milwaukee Bucks,Dallas Mavericks,Golden State Warriors
Beno Udrih,Beno Udrih,6.25,Slovenian,Yugoslavia,5.7.1982,Point guard,Memphis Grizzlies,"Memphis Grizzlies, Miami Heat",Detroit Pistons
Kent Bazemore,Kent Bazemore,6.33,,"Kelford, North Carolina",1.7.1989,Shooting guard Small forward,"Santa Cruz Warriors, Atlanta Hawks",Atlanta Hawks,Atlanta Hawks
Chandler Parsons,Chandler Parsons,6.67,American,"Casselberry, Florida",25.10.1988,Small forward,Dallas Mavericks,Dallas Mavericks,Memphis Grizzlies
Tobias Harris,Tobias Harris,6.58,,"Islip, New York",15.7.1992,Power forward,Orlando Magic,"Orlando Magic, Detroit Pistons",Detroit Pistons
Anderson Varejao,Anderson Varejão,6.92,,Colatina,28.9.1982,Center Power forward,Cleveland Cavaliers,"Cleveland Cavaliers, Golden State Warriors",Golden State Warriors
Reggie Bullock,Reggie Bullock,6.5,,"Baltimore, Maryland",16.3.1991,Small forward Shooting guard,"Los Angeles Clippers, Phoenix Suns","Bakersfield Jam, Detroit Pistons, Grand Rapids Drive",Detroit Pistons
Will Bynum,Will Bynum,6.0,American,"Chicago, Illinois",4.1.1983,Point guard,"Guangdong Southern Tigers, Washington Wizards","Guangdong Southern Tigers, Guangdong Southern Tigers","Guangdong Southern Tigers, Windy City Bulls"
Norris Cole,Norris Cole,6.17,,"Dayton, Ohio",13.10.1988,Point guard,"Miami Heat, New Orleans Pelicans",New Orleans Pelicans,"Shandong Golden Stars, Oklahoma City Thunder"
Kostas Papanikolaou,Kostas Papanikolaou,,Greek,Trikala,31.7.1990,Small forward,"FC Barcelona Bàsquet, Houston Rockets",Denver Nuggets,Olympiacos B.C.
Timothe Luwawu-Cabarrot,Timothé Luwawu-Cabarrot,6.58,,Cannes,9.5.1995,Small forward Shooting guard,Olympique Antibes,"Olympique Antibes, KK Mega Basket","KK Mega Basket, Philadelphia 76ers,  Delaware Blue Coats"
Tony Allen,Tony Allen,6.33,,"Chicago, Illinois",11.01.1982,Shooting guard,Memphis Grizzlies,Memphis Grizzlies,Memphis Grizzlies
Jeremy Lin,Jeremy Lin,6.25,"{{Hlist|American|Taiwanese|ref| name=""TPT""|{{cite web|url=https://www.taipeitimes.com/News/taiwan/archives/2020/08/20/2003741985|title=NBA star Lin gains ROC citizenship|author= Liao Lu-wei, Jake Chung |website=Taipei Times|date= August 20, 2020|access-date=June 6, 2021}}|</ref>|ref| name=""TWN""|{{cite web|url=https://www.taiwannews.com.tw/en/news/3990751|title=Basketball star Jeremy Lin has obtained Taiwan passport|author= Matthew Strong |website=Taiwan News |date= August 19, 2020|access-date=June 6, 2021}}|</ref>}}","Torrance, California",23.8.1988,Point guard,Los Angeles Lakers,Charlotte Hornets,Brooklyn Nets
Marcus Thornton,Marcus Thornton,6.33,American,"Baton Rouge, Louisiana",5.6.1987,Shooting guard,"Boston Celtics, Phoenix Suns","Houston Rockets, Washington Wizards",Washington Wizards
Wesley Matthews,Wesley Matthews,6.42,,"San Antonio, Texas",14.10.1986,Shooting guard,Portland Trail Blazers,Dallas Mavericks,Dallas Mavericks
Darren Collison,Darren Collison,6.0,American,"Rancho Cucamonga, California",23.8.1987,Point guard,Sacramento Kings,Sacramento Kings,Sacramento Kings
Jerami Grant,Jerami Grant,6.67,,"Portland, Oregon",12.3.1994,Power forward,Philadelphia 76ers,Philadelphia 76ers,"Philadelphia 76ers, Oklahoma City Thunder"
Manu Ginobili,Manu Ginóbili,6.5,Argentine,Bahía Blanca,28.7.1977,Shooting guard,San Antonio Spurs,San Antonio Spurs,San Antonio Spurs
Tyus Jones,Tyus Jones,6.17,,"Burnsville, Minnesota",10.5.1996,Point guard,,"Minnesota Timberwolves, Idaho Stampede","Minnesota Timberwolves, Idaho Stampede"
Willie Green,Willie Green,6.25,,"Detroit, Michigan",28.7.1981,Shooting guard,Orlando Magic,,
Reggie Evans,Reggie Evans,6.67,American,"Pensacola, Florida",18.5.1980,Power forward,,,
Larry Nance Jr.,Larry Nance Jr.,6.67,,"Cleveland, Ohio",1.1.1993,Power forward Center,,Los Angeles Lakers,Los Angeles Lakers
Austin Rivers,Austin Rivers,6.33,,"Santa Monica, California",1.8.1992,Point guard Shooting guard,"New Orleans Pelicans, Los Angeles Clippers",Los Angeles Clippers,Los Angeles Clippers
T.J. McConnell,T.J. McConnell,6.08,American,"Pittsburgh, Pennsylvania",25.3.1992,Point guard,,Philadelphia 76ers,Philadelphia 76ers
Sean Kilpatrick,Sean Kilpatrick,6.33,,"Yonkers, New York",6.1.1990,Shooting guard,"Santa Cruz Warriors, Minnesota Timberwolves","Santa Cruz Warriors, Delaware 87ers, Delaware 87ers, Denver Nuggets, Brooklyn Nets","Delaware 87ers, Brooklyn Nets"
Fred VanVleet,Fred VanVleet,6.0,,"Rockford, Illinois",25.2.1994,Point guard,,,"Toronto Raptors, Raptors 905"
Vince Carter,Vince Carter,6.5,American,"Daytona Beach, Florida",26.1.1977,Shooting guard,Memphis Grizzlies,Memphis Grizzlies,Memphis Grizzlies
Jabari Parker,Jabari Parker,6.58,American,"Chicago, Illinois",15.3.1995,Power forward,Milwaukee Bucks,Milwaukee Bucks,Milwaukee Bucks
Paul George,Paul George,6.67,,"Palmdale, California",2.5.1990,Small forward,Indiana Pacers,Indiana Pacers,Indiana Pacers
Amar'e Stoudemire,Amar'e Stoudemire,6.83,American / Israeli,"Lake Wales, Florida",16.11.1982,Power forward Center,"New York Knicks, Dallas Mavericks",Miami Heat,Hapoel Jerusalem B.C.
Khris Middleton,Khris Middleton,6.58,,"Charleston, South Carolina",12.8.1991,Small forward Shooting guard,,,
Robbie Hummel,Robbie Hummel,6.67,American,"Valparaiso, Indiana",8.3.1989,Small forward,Minnesota Timberwolves,Pallacanestro Olimpia Milano,"Pallacanestro Olimpia Milano, BC Khimki"
Tyler Hansbrough,Tyler Hansbrough,6.75,American,"Columbia, Missouri",3.11.1985,Power forward Center,Toronto Raptors,Charlotte Hornets,
Matt Bonner,Matt Bonner,6.83,American,"Concord, New Hampshire",5.4.1980,Power forward Center,San Antonio Spurs,San Antonio Spurs,San Antonio Spurs
Archie Goodwin,Archie Goodwin,6.42,American,"Little Rock, Arkansas",17.8.1994,Shooting guard,"Phoenix Suns, Northern Arizona Suns","Phoenix Suns, Northern Arizona Suns","New Orleans Pelicans, Greensboro Swarm, Brooklyn Nets"
Kenyon Martin,Kenyon Martin,6.75,American,"Saginaw, Michigan",30.12.1977,Power forward,Milwaukee Bucks,,
Joel Freeland,Joel Freeland,6.92,,"Aldershot, Hampshire",7.2.1987,Power forward Center,Portland Trail Blazers,PBC CSKA Moscow,PBC CSKA Moscow
Lou Amundson,Lou Amundson,6.75,American,"Ventura, California",7.12.1982,Power forward Center,"Cleveland Cavaliers, New York Knicks",New York Knicks,
Nemanja Bjelica,Nemanja Bjelica,6.83,Serbian,SFR Yugoslavia,9.5.1988,Power forward,Fenerbahçe Men's Basketball,"Fenerbahçe Men's Basketball, Minnesota Timberwolves",Minnesota Timberwolves
Andre Miller,Andre Miller,6.25,American,"Los Angeles, California",19.3.1976,Point guard,"Washington Wizards, Sacramento Kings","Minnesota Timberwolves, San Antonio Spurs",
Jamal Murray,Jamal Murray,6.33,,"Kitchener, Ontario",23.2.1997,Point guard Shooting guard,,,Denver Nuggets
KJ McDaniels,K. J. McDaniels,6.5,American,"Birmingham, Alabama",9.2.1993,Small forward,"Philadelphia 76ers, Houston Rockets","Houston Rockets, Rio Grande Valley Vipers","Houston Rockets, Rio Grande Valley Vipers, Brooklyn Nets"
Jeff Green,Jeff Green,6.67,,"Cheverly, Maryland",28.8.1986,Power forward Center,Memphis Grizzlies,"Memphis Grizzlies, Los Angeles Clippers",Orlando Magic
PJ Hairston,P. J. Hairston,6.5,American,"Greensboro, North Carolina",24.12.1992,Small forward,"Texas Legends, Charlotte Hornets","Charlotte Hornets, Memphis Grizzlies",Rio Grande Valley Vipers
Sasha Vujacic,Sasha Vujacic,6.58,Slovenian /  American,"Maribor]], [[SR Slovenia]], [[SFR Yugoslavia",8.3.1984,Shooting guard,"Reyer Venezia Mestre, Saski Baskonia","İstanbul Büyükşehir Belediyespor (basketball), New York Knicks",New York Knicks
Nick Calathes,Nick Calathes,6.5,American / Greek,"Casselberry, Florida",7.2.1989,Point guard,Memphis Grizzlies,Panathinaikos B.C.,Panathinaikos B.C.
Dewayne Dedmon,Dewayne Dedmon,6.83,,"Lancaster, California",12.8.1989,Center,"Santa Cruz Warriors, Orlando Magic",Orlando Magic,"Erie BayHawks (2008–2017), San Antonio Spurs"
David Lee,David Lee,6.75,,"St. Louis, Missouri",29.4.1983,Power forward Center,Golden State Warriors,"Boston Celtics, Dallas Mavericks",San Antonio Spurs
Shawne Williams,Shawne Williams,6.83,American,"Memphis, Tennessee",16.2.1986,Small forward Power forward,"Los Angeles D-Fenders, Miami Heat, Detroit Pistons",,
Furkan Aldemir,Furkan Aldemir,6.83,Turkish,"Konak, Izmir",9.8.1991,Power forward Center,"Galatasaray S.K. (men's basketball), Philadelphia 76ers",Darüşşafaka S.K.,Darüşşafaka S.K.
John Jenkins,John Jenkins,6.33,,"Hendersonville, Tennessee",6.3.1991,Shooting guard,"Atlanta Hawks, Fort Wayne Mad Ants, Idaho Stampede","Idaho Stampede, Dallas Mavericks, Phoenix Suns",Phoenix Suns
Cole Aldrich,Cole Aldrich,6.92,American,"Burnsville, Minnesota",31.10.1988,Center,,,
Brandon Rush,Brandon Rush,6.5,American,"Kansas City, Missouri",7.7.1985,Shooting guard Small forward,Golden State Warriors,Golden State Warriors,Minnesota Timberwolves
Nikola Mirotic,Nikola Mirotić,6.83,Spanish / Montenegrin,Yugoslavia,11.2.1991,Power forward,"Real Madrid Baloncesto, Chicago Bulls",Chicago Bulls,Chicago Bulls
Ronnie Price,Ronnie Price,6.17,American,"Friendswood, Texas",21.6.1983,Point guard,Los Angeles Lakers,Phoenix Suns,Phoenix Suns
Chris Paul,Chris Paul,6.0,,"born}} but some sources say he was born in [[Lewisville, North Carolina",6.5.1985,Point guard,Los Angeles Clippers,Los Angeles Clippers,Los Angeles Clippers
Willie Cauley-Stein,Willie Cauley-Stein,7.0,American,"Spearville, Kansas",18.8.1993,Center,,Sacramento Kings,Sacramento Kings
D'Angelo Russell,D'Angelo Russell,6.33,,"Louisville, Kentucky",23.2.1996,Point guard,,Los Angeles Lakers,Los Angeles Lakers
Johnny O'Bryant III,Johnny O'Bryant III,6.75,,"Cleveland, Mississippi",01.06.1993,Center Power forward,Milwaukee Bucks,Milwaukee Bucks,"Motor City Cruise, Denver Nuggets, Charlotte Hornets"
DeMar DeRozan,DeMar DeRozan,6.5,,"Compton, California",7.8.1989,Shooting guard Small forward,Toronto Raptors,Toronto Raptors,Toronto Raptors
Andre Iguodala,Andre Iguodala,6.5,,"Springfield, Illinois",28.1.1984,Small forward,Golden State Warriors,Golden State Warriors,Golden State Warriors
Danilo Gallinari,Danilo Gallinari,6.83,,Sant'Angelo Lodigiano,8.8.1988,Power forward,Denver Nuggets,Denver Nuggets,Denver Nuggets
Dwight Buycks,Dwight Buycks,6.25,American,"Milwaukee, Wisconsin",6.3.1989,Point guard Shooting guard,"Bakersfield Jam, Valencia Basket, Tianjin Ronggang, Los Angeles Lakers","Tianjin Ronggang, Oklahoma City Blue, Fujian Sturgeons","Fujian Sturgeons, Oklahoma City Blue, Fujian Sturgeons"
Elton Brand,Elton Brand,6.75,,"Cortlandt Manor, New York",11.3.1979,Power forward Center,Atlanta Hawks,Philadelphia 76ers,
Cleanthony Early,Cleanthony Early,6.67,American,"The Bronx, New York",17.4.1991,Power forward,New York Knicks,"New York Knicks, Westchester Knicks","Westchester Knicks, Santa Cruz Warriors"
Gordon Hayward,Gordon Hayward,6.58,,"Indianapolis, Indiana",23.3.1990,Small forward Power forward,Utah Jazz,Utah Jazz,Utah Jazz
Mike Scott,Mike Scott,6.58,American,"Chesapeake, Virginia",16.7.1988,Power forward,Atlanta Hawks,Atlanta Hawks,"Atlanta Hawks, Delaware 87ers, Long Island Nets"
Gary Neal,Gary Neal,6.33,American,"Baltimore, Maryland",3.10.1984,Shooting guard,"Charlotte Hornets, Minnesota Timberwolves",Washington Wizards,"Westchester Knicks, Atlanta Hawks"
Ben Gordon,Ben Gordon,6.08,{{Hlist|British|American}},"London, England",4.4.1983,Shooting guard,Orlando Magic,,
Miles Plumlee,Miles Plumlee,6.92,American,"Fort Wayne, Indiana",1.9.1988,Center Power forward,"Phoenix Suns, Milwaukee Bucks",Milwaukee Bucks,"Milwaukee Bucks, Charlotte Hornets"
Sam Dekker,Sam Dekker,6.67,American,"Sheboygan, Wisconsin",6.5.1994,Small forward Power forward,,Houston Rockets,"Houston Rockets, Rio Grande Valley Vipers"
Marcelo Huertas,Marcelo Huertas,6.25,Brazilian / Italian,São Paulo,25.5.1983,Point guard Shooting guard,FC Barcelona Bàsquet,"FC Barcelona Bàsquet, Los Angeles Lakers",Los Angeles Lakers
Gigi Datome,Luigi Datome,,Italian,Montebelluna,27.11.1987,Small forward Power forward,"Detroit Pistons, Boston Celtics",Fenerbahçe Men's Basketball,Fenerbahçe Men's Basketball
Jordan Hill,Jordan Hill,6.83,,"Newberry, South Carolina",27.7.1987,Power forward Center,Los Angeles Lakers,Indiana Pacers,Minnesota Timberwolves
Tyler Ulis,Tyler Ulis,5.67,American,"Southfield, Michigan",5.1.1996,Point guard,,,"Phoenix Suns, Northern Arizona Suns"
Meyers Leonard,Meyers Leonard,7.0,,"Woodbridge, Virginia",27.2.1992,Center,Portland Trail Blazers,Portland Trail Blazers,Portland Trail Blazers
Kirk Hinrich,Kirk Hinrich,6.33,American,"Sioux City, Iowa",2.1.1981,Point guard,Chicago Bulls,"Chicago Bulls, Atlanta Hawks",
Paul Zipser,Paul Zipser,6.67,German,Heidelberg,18.2.1994,Small forward Power forward,FC Bayern Munich (basketball),FC Bayern Munich (basketball),"FC Bayern Munich (basketball), Chicago Bulls, Windy City Bulls"
Wayne Ellington,Wayne Ellington,6.33,,"Wynnewood, Pennsylvania",29.11.1987,Shooting guard,Los Angeles Lakers,Brooklyn Nets,Miami Heat
Luis Scola,Luis  Scola,6.75,Argentine / Spanish,Buenos Aires,30.4.1980,Power forward,Indiana Pacers,Toronto Raptors,Brooklyn Nets
Michael Carter-Williams,Michael Carter-Williams,6.42,American,"Hamilton, Massachusetts",10.10.1991,Point guard,"Philadelphia 76ers, Milwaukee Bucks",Milwaukee Bucks,Chicago Bulls
Klay Thompson,Klay Thompson,6.5,,"Los Angeles, California",8.2.1990,Shooting guard,,,
Kosta Koufos,Kosta Koufos,7.0,Greek / American,"Canton, Ohio",24.2.1989,Center,Memphis Grizzlies,Sacramento Kings,Sacramento Kings
Dorell Wright,Dorell Wright,6.75,American,"Los Angeles, California",2.12.1985,Small forward,Portland Trail Blazers,"Beikong Fly Dragons, Miami Heat",Beikong Fly Dragons
Mike Muscala,Mike Muscala,6.83,,"St. Louis Park, Minnesota",1.7.1991,Power forward Center,"Obradoiro CAB, Atlanta Hawks, Fort Wayne Mad Ants","Atlanta Hawks, Fort Wayne Mad Ants",Atlanta Hawks
Andrea Bargnani,Andrea Bargnani,7.0,,Rome,26.10.1985,Power forward Center,New York Knicks,Brooklyn Nets,Saski Baskonia
Kobe Bryant,Kobe Bryant,6.5,,Philadelphia,23.8.1978,Shooting guard,Los Angeles Lakers,Los Angeles Lakers,
Serge Ibaka,Serge Ibaka,6.92,Congolese / Spanish,PR Congo,18.9.1989,Power forward Center,Oklahoma City Thunder,Oklahoma City Thunder,"Orlando Magic, Toronto Raptors"
Courtney Lee,Courtney Lee,6.42,American,"Indianapolis, Indiana",3.10.1985,Shooting guard,Memphis Grizzlies,"Charlotte Hornets, Memphis Grizzlies",New York Knicks
Gal Mekel,Gal Mekel,,Israeli / Polish,Ramat HaSharon,4.3.1988,Point guard,"Texas Legends, New Orleans Pelicans","BC Nizhny Novgorod, KK Crvena zvezda",Maccabi Tel Aviv
Terrence Ross,Terrence Ross,6.58,,"Portland, Oregon",5.2.1991,Shooting guard Small forward,Toronto Raptors,Toronto Raptors,"Toronto Raptors, Orlando Magic"
Jarell Martin,Jarell Martin,6.83,American,"Baton Rouge, Louisiana",24.5.1994,Power forward,,"Memphis Grizzlies, Iowa Energy","Memphis Grizzlies, Iowa Energy"
Randy Foye,Randy Foye,6.33,American,"Newark, New Jersey",24.9.1983,Shooting guard,Denver Nuggets,"Denver Nuggets, Oklahoma City Thunder",Brooklyn Nets
Juan Hernangomez,Juancho Hernangómez,6.75,,Madrid,28.9.1995,Power forward,CB Estudiantes,CB Estudiantes,"CB Estudiantes, Denver Nuggets"
Brandon Bass,Brandon Bass,6.67,American,"Baton Rouge, Louisiana",30.4.1985,Power forward,Boston Celtics,Los Angeles Lakers,Los Angeles Clippers
Anthony Tolliver,Anthony Tolliver,6.67,American,"Springfield, Missouri",1.06.1985,Power forward,"Phoenix Suns, Detroit Pistons",Detroit Pistons,Sacramento Kings
Jimmy Butler,Jimmy Butler,6.58,,"Houston, Texas",14.9.1989,Small forward,Chicago Bulls,Chicago Bulls,Chicago Bulls
JJ Redick,JJ Redick,6.33,,"Cookeville, Tennessee",24.6.1984,Shooting guard,Los Angeles Clippers,Los Angeles Clippers,Los Angeles Clippers
DeJuan Blair,DeJuan Blair,6.58,,"Pittsburgh, Pennsylvania",22.4.1989,Power forward Center,Washington Wizards,Washington Wizards,Jiangsu Monkey King
Jerome Jordan,Jerome Jordan,7.0,,"Kingston, Jamaica",29.9.1986,Center,"Virtus Pallacanestro Bologna, Brooklyn Nets",Jiangsu Monkey King,"Jiangsu Monkey King, CB Sevilla, Joventut Badalona"
Lance Thomas,Lance Thomas,6.67,American,"Brooklyn, New York",24.4.1988,Power forward Small forward,"Foshan Dralions, Oklahoma City Thunder, New York Knicks",New York Knicks,New York Knicks
Nate Wolters,Nate Wolters,6.33,American,"St. Cloud, Minnesota",15.5.1991,Point guard,"Milwaukee Bucks, New Orleans Pelicans","Grand Rapids Drive, Beşiktaş J.K. (men's basketball)","Beşiktaş J.K. (men's basketball), KK Crvena zvezda"
Michael Kidd-Gilchrist,Michael Kidd-Gilchrist,6.5,American,"Philadelphia, Pennsylvania",26.9.1993,Small forward Power forward,Charlotte Hornets,Charlotte Hornets,Charlotte Hornets
Bojan Bogdanovic,Bojan Bogdanović,,Croatian,SFR Yugoslavia,18.4.1989,Small forward,"Fenerbahçe Basketball, Brooklyn Nets",Brooklyn Nets,"Brooklyn Nets, Washington Wizards"
JJ Hickson,JJ Hickson,6.75,American,"Atlanta, Georgia",4.9.1988,Power forward Center,Denver Nuggets,"Denver Nuggets, Washington Wizards",Fujian Sturgeons
Kay Felder,Kay Felder,5.75,American,"Detroit, Michigan",29.03.1995,Point guard,,,"Cleveland Cavaliers, Canton Charge"
Tim Frazier,Tim Frazier,6.0,,"Waco, Texas",1.11.1990,Point guard,"Philadelphia 76ers, Portland Trail Blazers","Portland Trail Blazers, New Orleans Pelicans","Maine Red Claws, New Orleans Pelicans"
Marco Belinelli,Marco Belinelli,,Italian,San Giovanni in Persiceto,25.3.1986,Shooting guard Small forward,San Antonio Spurs,Sacramento Kings,Charlotte Hornets
Aaron Gordon,Aaron Gordon,6.67,,"San Jose, California",16.9.1995,Power forward Small forward,Orlando Magic,Orlando Magic,Orlando Magic
Ben McLemore,Ben McLemore,6.25,American,"St. Louis, Missouri",11.2.1993,Shooting guard,Sacramento Kings,Sacramento Kings,Sacramento Kings
Rodney Stuckey,Rodney Stuckey,6.42,American,"Seattle, Washington",21.4.1986,Shooting guard,Indiana Pacers,Indiana Pacers,Indiana Pacers
Robert Sacre,Robert Sacre,7.0,American / Canadian,"Baton Rouge, Louisiana",6.6.1989,Center,Los Angeles Lakers,Los Angeles Lakers,
Landry Fields,Landry Fields,6.58,American,"Long Beach, California",27.6.1988,Small forward,Toronto Raptors,,
Trey Lyles,Trey Lyles,6.75,,"Saskatoon, Saskatchewan",5.11.1995,Power forward Center,,Utah Jazz,Utah Jazz
Jonas Valanciunas,Jonas Valančiūnas,6.92,,Utena,6.5.1992,Center,Toronto Raptors,Toronto Raptors,Toronto Raptors
James Ennis III,James Ennis III,6.5,American,"Ventura, California",1.7.1990,Small forward,"Perth Wildcats, Piratas de Quebradillas, Miami Heat","Miami Heat, Memphis Grizzlies, Iowa Wolves, New Orleans Pelicans","Iowa Wolves, Iowa Energy, Memphis Grizzlies"
Tim Hardaway Jr.,Tim Hardaway Jr.,6.42,,"Alameda, California",16.3.1992,Shooting guard Small forward,New York Knicks,"Atlanta Hawks, Canton Charge, Austin Spurs","Atlanta Hawks, Austin Spurs"
Nicolas Brussino,Nicolás Brussino,6.58,Argentine / Italian,Cañada de Gómez,2.3.1993,Small forward Shooting guard,Club de Regatas Corrientes,"Club de Regatas Corrientes, Club Atlético Peñarol (Mar del Plata)","Club Atlético Peñarol (Mar del Plata), Dallas Mavericks"
Lance Stephenson,Lance Stephenson,6.42,American,"Brooklyn, New York",05.09.1990,Point guard,Charlotte Hornets,"Los Angeles Clippers, Memphis Grizzlies","New Orleans Pelicans, Minnesota Timberwolves, Indiana Pacers"
Bryce Dejean-Jones,Bryce Dejean-Jones,6.5,American,"Los Angeles]], [[California",21.8.1992,Shooting guard,,"Idaho Stampede, New Orleans Pelicans",Idaho Stampede
Mario Hezonja,Mario Hezonja,,,"Dubrovnik]], [[Croatia",25.2.1995,Small forward Power forward,FC Barcelona Bàsquet,"FC Barcelona Bàsquet, Orlando Magic",Orlando Magic
Amir Johnson,Amir Johnson,6.75,American,"Los Angeles, California",1.5.1987,Power forward Center,Toronto Raptors,Boston Celtics,Boston Celtics
Luc Mbah a Moute,Luc Mbah a Moute,6.67,,Yaoundé,9.9.1986,Power forward Small forward,Philadelphia 76ers,Los Angeles Clippers,Los Angeles Clippers
Cody Zeller,Cody Zeller,6.92,,"Washington, Indiana",5.10.1992,Center Power forward,Charlotte Hornets,Charlotte Hornets,Charlotte Hornets
Stanley Johnson,Stanley Johnson,6.5,,"Anaheim, California",29.5.1996,Small forward Power forward,,Detroit Pistons,"Detroit Pistons, Grand Rapids Gold"
Kyle Lowry,Kyle Lowry,6.0,,"Philadelphia, Pennsylvania",25.3.1986,Point guard,Toronto Raptors,Toronto Raptors,Toronto Raptors
Jakob Poeltl,Jakob Pöltl,7.08,,Vienna,15.10.1995,Center,Traiskirchen Lions,,"Toronto Raptors, Raptors 905"
Alec Burks,Alec Burks,6.5,,"Grandview, Missouri",20.7.1991,Shooting guard Point guard,Utah Jazz,Utah Jazz,Utah Jazz
Jorge Gutierrez,Jorge Gutiérrez,6.25,Mexican,"Chihuahua, Mexico",27.12.1988,Guard,"Canton Charge, Brooklyn Nets, Canton Charge, Milwaukee Bucks, Milwaukee Bucks","Canton Charge, Canton Charge, Canton Charge, Charlotte Hornets","Canton Charge, Trabzonspor B.K."
Matthew Dellavedova,Matthew Dellavedova,6.25,,"Maryborough, Victoria",8.9.1990,Point guard Shooting guard,Cleveland Cavaliers,Cleveland Cavaliers,Milwaukee Bucks
Seth Curry,Seth Curry,6.08,,"Charlotte, North Carolina",23.8.1990,Shooting guard,"Santa Cruz Warriors, Erie BayHawks (2008–2017), Phoenix Suns","Erie BayHawks (2008–2017), Sacramento Kings",Dallas Mavericks
LeBron James,LeBron James,6.75,,"Akron, Ohio",30.12.1984,Small forward,Cleveland Cavaliers,Cleveland Cavaliers,Cleveland Cavaliers
Trevor Ariza,Trevor Ariza,6.67,,"Miami, Florida",30.6.1985,Small forward,Houston Rockets,Houston Rockets,Houston Rockets
Gerald Henderson,Gerald Henderson,6.17,American,"Richmond, Virginia",16.01.1956,Point guard,,,
Buddy Hield,Buddy Hield,6.33,Bahamian,"Freeport, Bahamas",17.12.1992,Shooting guard,,,"New Orleans Pelicans, Sacramento Kings"
CJ Miles,C. J. Miles,6.5,American,"Dallas, Texas",18.3.1987,Shooting guard Small forward,Indiana Pacers,Indiana Pacers,Indiana Pacers
Tyson Chandler,Tyson Chandler,7.0,American,"Hanford, California",2.10.1982,Center,Dallas Mavericks,Phoenix Suns,Phoenix Suns
Wilson Chandler,Wilson Chandler,6.67,American,"Benton Harbor, Michigan",10.5.1987,Small forward,Denver Nuggets,Denver Nuggets,Denver Nuggets
Justin Anderson,Justin Anderson,6.42,American,"Montross, Virginia",19.11.1993,Shooting guard Small forward,,"Dallas Mavericks, Texas Legends","Dallas Mavericks, Texas Legends, Philadelphia 76ers"
Kris Humphries,Kris Humphries,6.75,,"Minneapolis]], [[Minnesota",6.2.1985,Power forward,Washington Wizards,"Washington Wizards, Phoenix Suns, Atlanta Hawks",Atlanta Hawks
Bernard James,Bernard James,6.83,American,"Savannah, Georgia",7.2.1985,Center,"Texas Legends, Texas Legends, Shanghai Sharks, Dallas Mavericks","Shanghai Sharks, Shanghai Sharks","Shanghai Sharks, Galatasaray S.K. (men's basketball)"
Tim Duncan,Tim Duncan,6.92,,Saint Croix,25.4.1976,Power forward Center,San Antonio Spurs,San Antonio Spurs,
Mario Chalmers,Mario Chalmers,6.17,American,"Anchorage, Alaska",19.5.1986,Point guard,Miami Heat,"Miami Heat, Memphis Grizzlies",Memphis Grizzlies
Gerald Green,Gerald Green,6.58,,"Houston, Texas",26.1.1986,Shooting guard,Phoenix Suns,Miami Heat,Boston Celtics
Salah Mejri,Salah Mejri<br />صالح الماجري,7.17,Tunisian,Jendouba,15.6.1986,Center,Real Madrid Baloncesto,"Real Madrid Baloncesto, Dallas Mavericks, Texas Legends","Dallas Mavericks, Texas Legends"
Damien Inglis,Damien Inglis,6.67,French,Cayenne,20.5.1995,Power forward Small forward,"Chorale Roanne Basket, Milwaukee Bucks","Milwaukee Bucks, Canton Charge","Westchester Knicks, Westchester Knicks"
Ty Lawson,Ty Lawson,5.92,American,"Clinton, Maryland",3.11.1987,Point guard,Denver Nuggets,"Houston Rockets, Indiana Pacers",Sacramento Kings
Bobby Portis,Bobby Portis,6.92,,"Little Rock, Arkansas",10.2.1995,Power forward,,Chicago Bulls,Chicago Bulls
Mason Plumlee,Mason Plumlee,7.0,,"Fort Wayne, Indiana",5.3.1990,Center,Brooklyn Nets,Portland Trail Blazers,"Portland Trail Blazers, Denver Nuggets"
Luke Babbitt,Luke Babbitt,6.75,American,"Cincinnati]], [[Ohio",20.6.1989,Small forward Power forward,"BC Nizhny Novgorod, New Orleans Pelicans",New Orleans Pelicans,Miami Heat
Russell Westbrook,Russell Westbrook,6.25,,"Long Beach, California",12.11.1988,Point guard,Oklahoma City Thunder,Oklahoma City Thunder,Oklahoma City Thunder
Mike Conley,Mike Conley,6.08,,"Fayetteville, Arkansas",11.10.1987,Point guard,Memphis Grizzlies,Memphis Grizzlies,Memphis Grizzlies
Rasual Butler,Rasual Butler,6.58,,"Philadelphia, Pennsylvania",23.5.1979,Small forward,Washington Wizards,San Antonio Spurs,
Mo Williams,Mo Williams,6.08,,"Jackson, Mississippi",19.12.1982,Point guard,"Minnesota Timberwolves, Charlotte Hornets",Cleveland Cavaliers,Cleveland Cavaliers
Jared Dudley,Jared Dudley,6.5,American,"San Diego, California",10.7.1985,Small forward,Milwaukee Bucks,Washington Wizards,Phoenix Suns
Isaiah Thomas,Isaiah Thomas,5.75,,"Tacoma, Washington",7.2.1989,Point guard,"Phoenix Suns, Boston Celtics",Boston Celtics,Boston Celtics
Joe Young,Joe Young,6.17,American,"Houston, Texas",27.6.1992,Point guard Shooting guard,,Indiana Pacers,Indiana Pacers
Cheick Diallo,Cheick Diallo,6.75,Malian,"Kayes]], [[Mali",13.9.1996,Power forward Center,,,"New Orleans Pelicans, Austin Spurs"
Mike Dunleavy,Mike Dunleavy Jr.,6.75,,"Fort Worth, Texas",15.9.1980,Small forward,Chicago Bulls,Chicago Bulls,"Cleveland Cavaliers, Atlanta Hawks"
Andrew Harrison,Andrew Harrison,6.5,American,"San Antonio, Texas",28.10.1994,Point guard,,Iowa Energy,"Iowa Energy, Memphis Grizzlies"
Thaddeus Young,Thaddeus Young,6.67,,"New Orleans, Louisiana",21.6.1988,Power forward,"Minnesota Timberwolves, Brooklyn Nets",Brooklyn Nets,Indiana Pacers
Travis Wear,Travis Wear,6.83,American,"Long Beach, California",21.9.1990,Power forward,New York Knicks,San Sebastián Gipuzkoa BC,"San Sebastián Gipuzkoa BC, South Bay Lakers"
James Young,James Young,6.5,American,"Flint, Michigan",16.8.1995,Shooting guard,"Boston Celtics, Maine Red Claws","Boston Celtics, Maine Red Claws","Boston Celtics, Maine Red Claws"
Kevin Seraphin,Kevin Séraphin,6.83,French,"Cayenne]], [[French Guiana",7.12.1989,Center,Washington Wizards,New York Knicks,Indiana Pacers
Ricky Ledo,Ricky Ledo,6.58,American,"Providence, Rhode Island",10.9.1992,Shooting guard Small forward,"Dallas Mavericks, Texas Legends, New York Knicks","Texas Legends, Reno Bighorns","Reno Bighorns, Santeros de Aguada, Yeşilgiresun Belediye"
Chris Andersen,Chris Andersen,6.83,American,"Long Beach, California",7.7.1978,Center Power forward,Miami Heat,"Miami Heat, Memphis Grizzlies",Cleveland Cavaliers
Marreese Speights,Marreese Speights,6.83,American,"St. Petersburg, Florida",4.8.1987,Center Power forward,Golden State Warriors,Golden State Warriors,Los Angeles Clippers
Dahntay Jones,Dahntay Jones,6.5,,"Trenton, New Jersey",27.12.1980,Small forward,"Fort Wayne Mad Ants, Los Angeles Clippers","Fort Wayne Mad Ants, Grand Rapids Drive, Cleveland Cavaliers","Grand Rapids Drive, Cleveland Cavaliers"
Willy Hernangomez,Willy Hernangómez,6.92,,Madrid,27.5.1994,Center,"Real Madrid Baloncesto, CB Sevilla","Real Madrid Baloncesto, CB Sevilla","Real Madrid Baloncesto, New York Knicks"
Steve Blake,Steve Blake,6.25,American,"Hollywood, Florida",26.2.1980,Point guard,Portland Trail Blazers,Detroit Pistons,Sydney Kings
Darrell Arthur,Darrell Arthur,6.75,American,"Dallas, Texas",25.3.1988,Power forward,Denver Nuggets,Denver Nuggets,Denver Nuggets
John Lucas III,John Lucas III,5.92,,"Washington, D.C.",21.11.1982,Point guard,"Fujian Sturgeons, Detroit Pistons",Fujian Sturgeons,"Fort Wayne Mad Ants, Piratas de Quebradillas, Minnesota Timberwolves"
Noah Vonleh,Noah Vonleh,6.83,American,"Salem, Massachusetts",24.08.1995,Power forward,"Charlotte Hornets, Fort Wayne Mad Ants",Portland Trail Blazers,Portland Trail Blazers
TJ Warren,T. J. Warren,6.67,,"Durham, North Carolina",5.9.1993,Small forward,Phoenix Suns,Phoenix Suns,Phoenix Suns
Marcin Gortat,Marcin Gortat,6.92,Polish,"Łódź]], [[People's Republic of Poland",17.2.1984,Center,Washington Wizards,Washington Wizards,Washington Wizards
Jordan Clarkson,Jordan Clarkson,6.42,Filipino / American,"Tampa, Florida",7.6.1992,Shooting guard Point guard,"Los Angeles Lakers, Los Angeles D-Fenders","Los Angeles Lakers, Los Angeles D-Fenders",Los Angeles Lakers
Thabo Sefolosha,Thabo Sefolosha,6.5,Swiss,Vevey,2.5.1984,Shooting guard Small forward,Atlanta Hawks,Atlanta Hawks,Atlanta Hawks
Julius Randle,Julius Randle,6.67,American,"Dallas, Texas",29.11.1994,Power forward Center,Los Angeles Lakers,Los Angeles Lakers,Los Angeles Lakers
Nik Stauskas,Nik Stauskas,6.5,,Mississauga,7.10.1993,Shooting guard,Sacramento Kings,Philadelphia 76ers,Philadelphia 76ers
Devin Booker,Devin Booker,6.42,,"Grand Rapids, Michigan",30.10.1996,Shooting guard,,Phoenix Suns,
Glenn Robinson III,Glenn Robinson III,6.5,,"Gary, Indiana",8.1.1994,Small forward,"Minnesota Timberwolves, Philadelphia 76ers","Indiana Pacers, Fort Wayne Mad Ants","Indiana Pacers, Fort Wayne Mad Ants"
Damjan Rudez,Damjan Rudež,6.83,Croatian,Yugoslavia,17.6.1986,Small forward Power forward,"Basket Zaragoza, Indiana Pacers",Minnesota Timberwolves,Orlando Magic
Frank Kaminsky,Frank Kaminsky,7.0,,"Winfield, Illinois",4.4.1993,Power forward Center,,Charlotte Hornets,Charlotte Hornets
Kentavious Caldwell-Pope,Kentavious Caldwell-Pope,6.42,,"Thomaston, Georgia",18.2.1993,Shooting guard,Detroit Pistons,Detroit Pistons,Detroit Pistons
Kyle Korver,Kyle Korver,6.58,,"Paramount, California",17.3.1981,Shooting guard,Atlanta Hawks,Atlanta Hawks,"Atlanta Hawks, Cleveland Cavaliers"
Maurice Harkless,Maurice Harkless,6.58,American / Puerto Rican,"New York City, New York",11.5.1993,Small forward,Orlando Magic,Portland Trail Blazers,Portland Trail Blazers
Dorian Finney-Smith,Dorian Finney-Smith,6.58,,"Portsmouth, Virginia",4.5.1993,Small forward Power forward,,,Dallas Mavericks
Nick Young,Nick Young,6.58,,"Los Angeles, California",1.6.1985,Shooting guard,Los Angeles Lakers,Los Angeles Lakers,Los Angeles Lakers
Semaj Christon,Semaj Christon,6.25,American,"Cincinnati, Ohio",1.11.1992,Point guard,Oklahoma City Blue,"Oklahoma City Blue, Victoria Libertas Pesaro","Victoria Libertas Pesaro, Oklahoma City Thunder"
Kris Dunn,Kris Dunn,6.25,American,"New London, Connecticut",18.3.1994,Point guard Shooting guard,,,Minnesota Timberwolves
Iman Shumpert,Iman Shumpert,6.42,,"Berwyn, Illinois",26.6.1990,Shooting Gaurd,"New York Knicks, Cleveland Cavaliers",Cleveland Cavaliers,Cleveland Cavaliers
Andrew Nicholson,Andrew Nicholson,6.83,,"Mississauga, Ontario",8.12.1989,Power forward,Orlando Magic,Orlando Magic,"Washington Wizards, Brooklyn Nets"
Otto Porter,Otto Porter Jr.,6.67,,"St. Louis, Missouri",3.6.1993,Small forward Power forward,Washington Wizards,Washington Wizards,Washington Wizards
Alex Stepheson,Alex Stepheson,6.83,American,"Los Angeles, California",7.8.1987,Power forward Center,"Union Olimpija, İstanbul Büyükşehir Belediyespor (basketball)","İstanbul Büyükşehir Belediyespor (basketball), Iowa Energy, Los Angeles Clippers, Memphis Grizzlies","Iowa Energy, Guangzhou Long-Lions"
Kyle Singler,Kyle Singler,6.67,American,"Medford, Oregon",4.5.1988,Small forward,,,
Richard Jefferson,Richard Jefferson,6.58,American,"Los Angeles, California",21.6.1980,Small forward,Dallas Mavericks,Cleveland Cavaliers,Cleveland Cavaliers
Damian Lillard,Damian Lillard,6.17,,"Oakland, California",15.7.1990,Point guard,,,
Jrue Holiday,Jrue Holiday,6.42,,"Los Angeles, California",12.6.1990,Point guard,New Orleans Pelicans,New Orleans Pelicans,New Orleans Pelicans
Boris Diaw,Boris Diaw,6.67,French,"Cormeilles-en-Parisis]], [[Val-d'Oise",16.4.1982,Power forward,San Antonio Spurs,San Antonio Spurs,Utah Jazz
JaVale McGee,JaVale McGee,7.0,,"Flint, Michigan",19.1.1988,Center,"Denver Nuggets, Philadelphia 76ers",Dallas Mavericks,Golden State Warriors
Marvin Williams,Marvin Williams,6.75,American,"Bremerton, Washington",19.06.1986,Power forward Small forward,Charlotte Hornets,Charlotte Hornets,Charlotte Hornets
Carlos Boozer,Carlos Boozer,6.75,American,"Aschaffenburg]], [[West Germany",20.11.1981,Power forward,Los Angeles Lakers,,Guangdong Southern Tigers
Trevor Booker,Trevor Booker,6.67,American,"Newberry, South Carolina",25.11.1987,Power forward,Utah Jazz,Utah Jazz,Brooklyn Nets
Norman Powell,Norman Powell,6.33,,"San Diego, California",25.5.1993,Shooting guard,,"Toronto Raptors, Raptors 905","Toronto Raptors, Raptors 905"
Rondae Hollis-Jefferson,Rondae Hollis-Jefferson,6.5,American,"Chester, Pennsylvania",3.1.1995,Small forward Power forward,,Brooklyn Nets,Brooklyn Nets
Lou Williams,Lou  Williams,6.08,,"Memphis, Tennessee",27.10.1986,Shooting guard Point guard,Toronto Raptors,Los Angeles Lakers,"Los Angeles Lakers, Houston Rockets"
Dennis Schroder,Dennis Schröder,6.08,,Braunschweig,15.9.1993,Point guard,Atlanta Hawks,Atlanta Hawks,Atlanta Hawks
Justin Holiday,Justin Holiday,6.5,American,"Mission Hills, California",5.4.1989,Shooting guard Small forward,"Szolnoki Olaj KK, Golden State Warriors, Santa Cruz Warriors","Atlanta Hawks, Chicago Bulls",New York Knicks
Ryan Anderson,Ryan Anderson,6.75,American,"Sacramento, California",6.5.1988,Power forward,New Orleans Pelicans,New Orleans Pelicans,Houston Rockets
Tomas Satoransky,Tomáš Satoranský,6.58,,Prague,30.10.1991,Point guard Shooting guard,"CB Sevilla, FC Barcelona Bàsquet",FC Barcelona Bàsquet,"FC Barcelona Bàsquet, Washington Wizards"
Isaiah Whitehead,Isaiah Whitehead,6.33,American,"Brooklyn, New York",8.3.1995,Shooting guard,,,Brooklyn Nets
Tyler Zeller,Tyler Zeller,7.0,American,"Visalia, California",17.1.1990,Center,Boston Celtics,Boston Celtics,Boston Celtics
Spencer Dinwiddie,Spencer Dinwiddie,6.42,,"Los Angeles, California",6.4.1993,Point guard Shooting guard,"Detroit Pistons, Grand Rapids Drive","Detroit Pistons, Grand Rapids Drive","Grand Rapids Drive, Windy City Bulls, Brooklyn Nets"
Kemba Walker,Kemba Walker,6.0,,New York,8.5.1990,Point guard,Charlotte Hornets,Charlotte Hornets,Charlotte Hornets
Steve Novak,Steve Novak,6.83,American,"Libertyville, Illinois",13.6.1983,Power forward Small forward,"Utah Jazz, Oklahoma City Thunder","Oklahoma City Thunder, Milwaukee Bucks",Milwaukee Bucks
Malcolm Delaney,Malcolm Delaney,,American,"Baltimore, Maryland",11.03.1989,Point guard Shooting guard,"FC Bayern Munich (basketball), PBC Lokomotiv Kuban",PBC Lokomotiv Kuban,"PBC Lokomotiv Kuban, Atlanta Hawks"
Jaylen Brown,Jaylen Brown,6.5,,"Atlanta, Georgia",24.10.1996,Shooting guard Small forward,,,Boston Celtics
Shabazz Muhammad,Shabazz Muhammad,6.5,American,"Long Beach, California",13.11.1992,Shooting guard Small forward,"Minnesota Timberwolves, Iowa Energy",Minnesota Timberwolves,Minnesota Timberwolves
Joel Embiid,Joel Embiid,7.0,Cameroonian,Yaoundé,16.3.1994,Center,Philadelphia 76ers,,
Andre Drummond,Andre Drummond,6.92,,"Mount Vernon, New York",10.8.1993,Center,Detroit Pistons,Detroit Pistons,Detroit Pistons
Andre Roberson,André Roberson,6.58,American,"Las Cruces, New Mexico",4.12.1991,Shooting guard Small forward,"Oklahoma City Thunder, Tulsa 66ers",Oklahoma City Thunder,Oklahoma City Thunder
Draymond Green,Draymond Green,6.5,,"Saginaw, Michigan",4.3.1990,Power forward,,,
Jimmer Fredette,Jimmer Fredette,6.17,American,"Glens Falls, New York",25.02.1989,Point guard Shooting guard,New Orleans Pelicans,"New Orleans Pelicans, Westchester Knicks, New York Knicks","Westchester Knicks, Shanghai Sharks"
Glenn Robinson,Glenn Robinson,6.58,American,"Gary, Indiana",10.1.1973,Small forward,,,
Nick Johnson,Nick Johnson,6.25,American,"Gilbert, Arizona",22.12.1992,Point guard Shooting guard,"Houston Rockets, Rio Grande Valley Vipers","Rio Grande Valley Vipers, Austin Spurs","Austin Spurs, FC Bayern Munich (basketball)"
Tyler Johnson,Tyler Johnson,,American,"Grand Forks, North Dakota",7.5.1992,Shooting guard Point guard,"Sioux Falls Skyforce, Miami Heat","Sioux Falls Skyforce, Miami Heat",Miami Heat
Jabari Brown,Jabari Brown,6.33,American,"Berkeley, California",18.12.1992,Shooting guard Point guard,"Los Angeles D-Fenders, Los Angeles Lakers","Los Angeles D-Fenders, Guangzhou Long-Lions","Guangzhou Long-Lions, Los Angeles D-Fenders, Jilin Northeast Tigers"
Jarrett Jack,Jarrett Jack,6.25,American,"Fort Washington, Maryland",28.10.1983,Point guard,Brooklyn Nets,Brooklyn Nets,New Orleans Pelicans
Ersan Ilyasova,Ersan İlyasova,6.75,Turkish,Eskişehir,15.5.1987,Power forward,Milwaukee Bucks,"Detroit Pistons, Orlando Magic","Oklahoma City Thunder, Philadelphia 76ers, Atlanta Hawks"
Markieff Morris,Markieff Morris,6.75,,"Philadelphia, Pennsylvania",2.9.1989,Power forward,Phoenix Suns,"Phoenix Suns, Washington Wizards",Washington Wizards
Victor Oladipo,Victor Oladipo,6.25,,"Silver Spring, Maryland",04.05.1992,Shooting guard,Orlando Magic,Orlando Magic,Oklahoma City Thunder
Tony Snell,Tony Snell,6.5,,"Los Angeles, California",10.11.1991,Shooting guard Small forward,Chicago Bulls,Chicago Bulls,Milwaukee Bucks
Alexis Ajinca,Alexis Ajinça,7.17,French,Saint-Étienne,6.5.1988,Center,New Orleans Pelicans,New Orleans Pelicans,New Orleans Pelicans
Anthony Davis,Anthony Davis,6.83,,"Chicago, Illinois",11.3.1993,Power forward Center,New Orleans Pelicans,New Orleans Pelicans,New Orleans Pelicans
Kevin Love,Kevin Love,6.67,,"Santa Monica, California",7.9.1988,Power forward Center,Cleveland Cavaliers,,
Wesley Johnson,Wesley Johnson,6.58,American,"Corsicana, Texas",11.7.1987,Small forward,Los Angeles Lakers,Los Angeles Clippers,Los Angeles Clippers
Matt Barnes,Matt Barnes,6.58,,"Santa Clara, California",9.3.1980,Small forward,Los Angeles Clippers,Memphis Grizzlies,"Sacramento Kings, Golden State Warriors"
Willie Reed,Willie Reed,6.92,,"Kansas City, Missouri",16.5.1990,Center,"Springfield Armor, Reno Bighorns, Hapoel Eilat BC, Grand Rapids Drive","Grand Rapids Drive, Iowa Energy, Metros de Santiago, Brooklyn Nets",Miami Heat
Robert Covington,Robert Covington,6.58,,"Bellwood, Illinois",14.12.1990,Power forward center,"Rio Grande Valley Vipers, Philadelphia 76ers",Philadelphia 76ers,Philadelphia 76ers
Alexey Shved,Alexey Shved,,Russian,"Russian SFSR]],<br>[[Soviet Union",16.12.1988,Shooting guard,"Philadelphia 76ers, Houston Rockets, New York Knicks",BC Khimki,BC Khimki
Paul Pierce,Paul Pierce,6.58,,"Oakland, California",13.10.1977,Small forward,Washington Wizards,Los Angeles Clippers,Los Angeles Clippers
Jose Calderon,José Calderón,6.25,Spanish,Villanueva de la Serena,28.9.1981,Point guard,New York Knicks,New York Knicks,"Los Angeles Lakers, Atlanta Hawks"
Mitch McGary,Mitch McGary,6.83,,"Chesterton, Indiana",6.6.1992,Power forward,"Oklahoma City Thunder, Oklahoma City Blue","Oklahoma City Thunder, Oklahoma City Blue",Oklahoma City Blue
JaKarr Sampson,JaKarr Sampson,,American,"Cleveland, Ohio",20.03.1993,Power forward,"Philadelphia 76ers,  Delaware Blue Coats","Philadelphia 76ers, Denver Nuggets",Iowa Wolves
Drew Gooden,Drew Gooden,6.83,American,"Oakland, California",24.9.1981,Power forward,Washington Wizards,Washington Wizards,
Rudy Gobert,Rudy Gobert,7.08,,Saint-Quentin,26.6.1992,Center,"Utah Jazz, Bakersfield Jam",Utah Jazz,Utah Jazz
Lucas Nogueira,Lucas Nogueira,7.0,Brazilian,São Gonçalo,26.7.1992,Center,"CB Estudiantes, Toronto Raptors","Toronto Raptors, Fort Wayne Mad Ants, Raptors 905","Toronto Raptors, Raptors 905"
Caris LeVert,Caris LeVert,6.5,,"Columbus, Ohio",25.8.1994,Small forward Shooting guard,,,Brooklyn Nets
Devyn Marble,Devyn Marble,,American,"Southfield, Michigan",21.09.1992,Shooting guard Small forward,"Orlando Magic, Erie BayHawks (2008–2017)","Orlando Magic, Erie BayHawks (2008–2017)","Erie BayHawks (2008–2017), Aris B.C."
Charlie Villanueva,Charlie Villanueva,6.92,American / Dominican,"Queens, New York",24.8.1984,Power forward,Dallas Mavericks,Dallas Mavericks,
Ron Baker,Ron Baker,6.33,American,"Hays, Kansas",30.3.1993,Shooting guard Point guard,,,"New York Knicks, Westchester Knicks"
Josh Smith,Josh Smith,6.75,American,"College Park, Georgia",05.12.1985,Power forward Small forward,"Detroit Pistons, Houston Rockets","Los Angeles Clippers, Houston Rockets",Sichuan Blue Whales
Steven Adams,Steven Adams,6.92,,Rotorua,20.7.1993,Center,Oklahoma City Thunder,Oklahoma City Thunder,Oklahoma City Thunder
Patrick Patterson,Patrick Patterson,6.75,American,"Washington, D.C.",14.3.1989,Power forward,Toronto Raptors,Toronto Raptors,Toronto Raptors
Metta World Peace,Metta Sandiford-Artest,6.58,,"Queens, New York",13.11.1979,Small forward,Sichuan Blue Whales,"Pallacanestro Cantù, Los Angeles Lakers",Los Angeles Lakers
Ramon Sessions,Ramon Sessions,6.25,American,"Myrtle Beach, South Carolina",11.4.1986,Point guard,"Sacramento Kings, Washington Wizards",Washington Wizards,Charlotte Hornets
Alex Abrines,Álex Abrines,6.5,Spanish,Palma,1.8.1993,Small forward Shooting guard,FC Barcelona Bàsquet,FC Barcelona Bàsquet,"FC Barcelona Bàsquet, Oklahoma City Thunder"
Bismack Biyombo,Bismack Biyombo,6.67,Congolese,DR Congo,28.8.1992,Center,Charlotte Hornets,Toronto Raptors,Orlando Magic
Kristaps Porzingis,Kristaps Porziņģis,7.25,,Liepāja,2.8.1995,Center Power forward,,"CB Sevilla, New York Knicks",New York Knicks
Jeff Teague,Jeff Teague,6.25,,"Indianapolis, Indiana",10.06.1988,,Atlanta Hawks,Atlanta Hawks,Indiana Pacers
Luol Deng,Luol Deng<br><small>[[Order of the British Empire|OBE]]</small>,6.75,British/South Sudanese,"Wau]], [[Sudan]] <small>(now [[South Sudan",16.4.1985,Small forward,Miami Heat,Miami Heat,Los Angeles Lakers
Brandon Knight,Brandon Knight,6.17,American,"Margate, Florida",2.12.1991,Point guard,"Milwaukee Bucks, Phoenix Suns",Phoenix Suns,Phoenix Suns
Carmelo Anthony,Carmelo Anthony,6.58,,New York City,29.5.1984,Small forward Power forward,New York Knicks,New York Knicks,New York Knicks
Zach Randolph,Zach Randolph,6.75,,"Marion, Indiana",16.7.1981,Power forward,Memphis Grizzlies,Memphis Grizzlies,Memphis Grizzlies
Avery Bradley,Avery Bradley,6.25,,"Tacoma, Washington",26.11.1990,Shooting guard,Boston Celtics,Boston Celtics,Boston Celtics
Georgios Papagiannis,Georgios Papagiannis<br>Γιώργος Παπαγιάννης,7.25,Greek,Marousi,3.7.1997,Center,Panathinaikos B.C.,Panathinaikos B.C.,"Panathinaikos B.C., Sacramento Kings"
Alan Williams,Alan Williams,6.67,American,"Phoenix, Arizona",28.1.1993,Center Power forward,,"Qingdao DoubleStar, Phoenix Suns","Qingdao DoubleStar, Phoenix Suns, Northern Arizona Suns"
Goran Dragic,Goran Dragić,6.25,Slovenian,Yugoslavia,6.5.1986,Point guard,"Phoenix Suns, Miami Heat",Miami Heat,Miami Heat
Leandro Barbosa,Leandro Barbosa,6.25,,Sao Paulo,28.11.1982,Shooting guard,"Esporte Clube Pinheiros (basketball), Golden State Warriors",Golden State Warriors,Phoenix Suns
Elliot Williams,Elliot Williams,6.42,American,"Memphis, Tennessee",20.6.1989,Shooting guard,"Delaware 87ers, Santa Cruz Warriors, Utah Jazz, New Orleans Pelicans","Santa Cruz Warriors, Santa Cruz Warriors, Memphis Grizzlies","Santa Cruz Warriors, Panathinaikos B.C."
Pascal Siakam,Pascal Siakam,6.67,,Douala,2.4.1994,Power forward,,,Toronto Raptors
Danny Green,Danny Green,6.5,,"North Babylon, New York",22.06.1987,Shooting guard Small forward,San Antonio Spurs,San Antonio Spurs,San Antonio Spurs
Monta Ellis,Monta Ellis,6.25,American,"Jackson, Mississippi",26.10.1985,Shooting guard,Dallas Mavericks,Indiana Pacers,Indiana Pacers
Al Horford,Al Horford,6.75,,"Puerto Plata, Dominican Republic",3.6.1986,Center Power forward,Atlanta Hawks,Atlanta Hawks,Boston Celtics
DeMarcus Cousins,DeMarcus Cousins,6.83,,"Mobile, Alabama",13.8.1990,Center,Sacramento Kings,Sacramento Kings,"Sacramento Kings, New Orleans Pelicans"
George Hill,George Hill,6.33,,"Indianapolis, Indiana",4.5.1986,Point guard,Indiana Pacers,Indiana Pacers,Utah Jazz
Brandon Davies,Brandon Davies,6.83,American / Ugandan,"Philadelphia, Pennsylvania",25.7.1991,Center,"Philadelphia 76ers, Brooklyn Nets","Élan Chalon, Pallacanestro Varese","Pallacanestro Varese, AS Monaco Basket"
DeMarre Carroll,DeMarre Carroll,6.5,,"Birmingham, Alabama",27.7.1986,Small forward,Atlanta Hawks,Toronto Raptors,Toronto Raptors
Trey Burke,Trey Burke,6.0,,"Columbus, Ohio",12.11.1992,Point guard,Utah Jazz,Utah Jazz,Washington Wizards
Jahlil Okafor,Jahlil Okafor,6.83,Nigerian / American,"Fort Smith, Arkansas",15.12.1995,Center,,Philadelphia 76ers,Philadelphia 76ers
Richaun Holmes,Richaun Holmes,6.67,,"Lockport, Illinois",15.10.1993,Power forward Center,,Philadelphia 76ers,Philadelphia 76ers
Jason Smith,Jason Smith,7.0,American,"Greeley, Colorado",2.3.1986,Center Power forward,New York Knicks,Orlando Magic,Washington Wizards
Derrick Favors,Derrick Favors,6.75,,"Atlanta, Georgia",15.7.1991,Power forward Center,Utah Jazz,Utah Jazz,Utah Jazz
Zach LaVine,Zach LaVine,6.42,,"Renton, Washington",10.3.1995,Shooting guard Small forward,Minnesota Timberwolves,Minnesota Timberwolves,Minnesota Timberwolves
Nikola Vucevic,Nikola Vučević,6.83,Montenegrin / Belgian,Morges,24.10.1990,Center,Orlando Magic,Orlando Magic,Orlando Magic
Rakeem Christmas,Rakeem Christmas,6.75,American,"Irvington, New Jersey",01.12.1991,Power forward,,Indiana Pacers,Indiana Pacers
Kyle O'Quinn,Kyle O'Quinn,6.75,American,"Jamaica, New York",26.3.1990,Center Power forward,Orlando Magic,New York Knicks,New York Knicks
Derrick Williams,Derrick Williams,6.67,,"Bellflower, California",25.5.1991,Power forward,Sacramento Kings,New York Knicks,"Miami Heat, Cleveland Cavaliers"
Devin Harris,Devin Harris,6.25,American,"Milwaukee]], [[Wisconsin",27.2.1983,Point guard,Dallas Mavericks,Dallas Mavericks,Dallas Mavericks
Tiago Splitter,Tiago Splitter,6.92,Brazilian,Joinville,1.1.1985,Center Power forward,San Antonio Spurs,Atlanta Hawks,"Atlanta Hawks, Philadelphia 76ers"
Chris Johnson,Chris Johnson,6.92,American,"Washington, D.C.",17.7.1985,Center Power forward,"Zhejiang Lions, Zhejiang Golden Bulls",Türk Telekom B.K.,Capitanes de Arecibo
Ish Smith,Ish Smith,6.0,,"Charlotte, North Carolina",5.7.1988,Point guard,"Oklahoma City Thunder, Philadelphia 76ers","New Orleans Pelicans, Philadelphia 76ers",Detroit Pistons
Jeff Withey,Jeff Withey,7.0,American,"San Diego, California",7.3.1990,Center,New Orleans Pelicans,Utah Jazz,Utah Jazz
James Anderson,James Anderson,6.5,,"El Dorado, Arkansas",25.03.1989,Small forward Shooting guard,BC Žalgiris,"BC Žalgiris, Sacramento Kings",Darüşşafaka S.K.
Jared Sullinger,Jared Sullinger,6.75,American,"Columbus, Ohio",4.3.1992,Power forward Center,Boston Celtics,Boston Celtics,Toronto Raptors
Dante Cunningham,Dante Cunningham,6.67,American,"Clinton, Maryland",22.4.1987,Power forward Small forward,New Orleans Pelicans,New Orleans Pelicans,New Orleans Pelicans
JR Smith,J. R. Smith,6.5,American,"Freehold Borough, New Jersey",9.9.1985,Shooting guard,"New York Knicks, Cleveland Cavaliers",Cleveland Cavaliers,Cleveland Cavaliers
Jordan Farmar,Jordan Farmar,6.17,Israeli-American,"Los Angeles, California",30.11.1986,Point guard,Los Angeles Clippers,"Darüşşafaka S.K., Maccabi Tel Aviv, Memphis Grizzlies","Maccabi Tel Aviv, Sacramento Kings"
Alonzo Gee,Alonzo Gee,6.5,,"Riviera Beach, Florida",29.5.1987,Shooting guard Small forward,"Denver Nuggets, Portland Trail Blazers",New Orleans Pelicans,Denver Nuggets
Jeremy Evans,Jeremy Evans,,American,"Monroe, Louisiana",24.10.1987,Power forward Center,Utah Jazz,"Dallas Mavericks,  Texas Legends"," Texas Legends, BC Khimki"
Ricky Rubio,Ricky Rubio,6.17,,El Masnou,21.10.1990,Point guard,Minnesota Timberwolves,Minnesota Timberwolves,Minnesota Timberwolves
Henry Walker,Henry Walker,6.5,American,"Huntington, West Virginia",9.10.1987,Small forward Shooting guard,"Sioux Falls Skyforce, Alaska Aces (PBA), Sioux Falls Skyforce, Miami Heat","Sioux Falls Skyforce, KK Cedevita","KK Cedevita, NLEX Road Warriors, Sioux Falls Skyforce"
Joffrey Lauvergne,Joffrey Lauvergne,6.92,,Mulhouse,30.9.1991,Center,"KK Partizan, BC Khimki, Denver Nuggets","BC Khimki, Denver Nuggets","Oklahoma City Thunder, Chicago Bulls"
Greivis Vasquez,Greivis Vásquez,6.5,Venezuelan,Caracas,16.1.1987,Point guard,Toronto Raptors,Milwaukee Bucks,Brooklyn Nets
Jeremy Lamb,Jeremy Lamb,6.42,,"Henrico, Virginia",30.5.1992,Shooting guard Small forward,Oklahoma City Thunder,Charlotte Hornets,Charlotte Hornets
Dwight Powell,Dwight Powell,6.83,,"Toronto, Ontario",20.7.1991,Power forward Center,"Boston Celtics, Maine Red Claws, Dallas Mavericks, Texas Legends",Texas Legends,
JaMychal Green,JaMychal Green,6.75,,"Montgomery, Alabama",21.6.1990,Power forward,"Chorale Roanne Basket, Austin Spurs, San Antonio Spurs, Memphis Grizzlies","Austin Spurs, Memphis Grizzlies",Memphis Grizzlies
Udonis Haslem,Udonis Haslem,6.58,,"Miami, Florida",9.6.1980,Power forward,,,
Nick Collison,Nick Collison,6.83,American,"Orange City, Iowa",26.10.1980,Power forward Center,Seattle SuperSonics / Oklahoma City Thunder,Seattle SuperSonics / Oklahoma City Thunder,Seattle SuperSonics / Oklahoma City Thunder
Shelvin Mack,Shelvin Mack,6.25,American,"Lexington, Kentucky",22.4.1990,Point guard Shooting guard,Atlanta Hawks,"Atlanta Hawks, Utah Jazz",Utah Jazz
Roy Hibbert,Roy Hibbert,7.17,American / Jamaican,"Queens, New York",11.12.1986,Center,Indiana Pacers,Los Angeles Lakers,"Charlotte Hornets, Denver Nuggets"
Nate Robinson,Nate Robinson,5.75,,"Seattle, Washington",31.5.1984,Point guard,"Denver Nuggets, Los Angeles Clippers",New Orleans Pelicans,Hapoel Tel Aviv B.C.
Joakim Noah,Joakim Noah,6.92,French<br>Swedish<br>American,New York City,25.2.1985,Center,Chicago Bulls,Chicago Bulls,New York Knicks
Shabazz Napier,Shabazz Napier,6.0,,"Roxbury, Massachusetts",14.7.1991,Point guard,"Miami Heat, Sioux Falls Skyforce","Sioux Falls Skyforce, Orlando Magic",Portland Trail Blazers
Dion Waiters,Dion Waiters,6.25,American,"Philadelphia, Pennsylvania",10.12.1991,Shooting guard,"Cleveland Cavaliers, Oklahoma City Thunder",Oklahoma City Thunder,Miami Heat
James Johnson,James Johnson,6.58,American,"Cheyenne, Wyoming",20.2.1987,Small forward Power forward,Toronto Raptors,Toronto Raptors,Miami Heat
Dwight Howard,Dwight Howard,6.83,,"Atlanta, Georgia",8.12.1985,Center,Houston Rockets,Houston Rockets,Atlanta Hawks
Bryce Cotton,Bryce Cotton,,American,"Tucson, Arizona",11.8.1992,Point guard Shooting guard,"Austin Spurs, Utah Jazz","Austin Spurs, Austin Spurs, Phoenix Suns, Memphis Grizzlies","Austin Spurs, Xinjiang Flying Tigers, Anadolu Efes S.K."
Jerryd Bayless,Jerryd Bayless,6.25,American,"Phoenix, Arizona",20.8.1988,Point guard Shooting guard,Milwaukee Bucks,Milwaukee Bucks,Philadelphia 76ers
Enes Kanter,Enes Freedom,6.83,American,Zürich,20.05.1992,Center,"Utah Jazz, Oklahoma City Thunder",Oklahoma City Thunder,Oklahoma City Thunder
Jannero Pargo,Jannero Pargo,6.08,American,"Chicago, Illinois",22.10.1979,Point guard,Charlotte Hornets,,Oklahoma City Blue
Chris Kaman,Chris Kaman,7.0,American / German,"Grand Rapids, Michigan",28.4.1982,Center,Portland Trail Blazers,Portland Trail Blazers,
Langston Galloway,Langston Galloway,6.08,,"Baton Rouge, Louisiana",9.12.1991,Shooting guard Point guard,"Westchester Knicks, New York Knicks","Westchester Knicks, New York Knicks","New Orleans Pelicans, Sacramento Kings"
Boban Marjanovic,Boban Marjanović,7.33,Serbian,SFR Yugoslavia,15.8.1988,Center,KK Crvena zvezda,"KK Crvena zvezda, San Antonio Spurs, Austin Spurs","Austin Spurs, Detroit Pistons"
TJ McConnell,T.J. McConnell,6.08,American,"Pittsburgh, Pennsylvania",25.3.1992,Point guard,,Philadelphia 76ers,Philadelphia 76ers
Myles Turner,Myles Turner,6.92,American,"Bedford, Texas",24.3.1996,Center,,Indiana Pacers,
Shaun Livingston,Shaun Livingston,6.58,,"Peoria, Illinois",11.09.1985,Point Guard,Golden State Warriors,Golden State Warriors,Golden State Warriors
Donatas Motiejunas,Donatas Motiejūnas,7.0,Lithuanian,Kaunas,20.9.1990,Power forward Center,Houston Rockets,Houston Rockets,New Orleans Pelicans
Nikola Pekovic,Nikola Peković,,Serbian,SFR Yugoslavia,03.01.1986,,,,
Andrew Wiggins,Andrew Wiggins,6.58,,"Toronto, Ontario",23.2.1995,Small forward,Minnesota Timberwolves,Minnesota Timberwolves,Minnesota Timberwolves
Jonathan Gibson,Jonathan Gibson,6.17,American,"West Covina, California",8.11.1987,Point guard,"Zhejiang Lions, Petrochimi Bandar Imam BC",Qingdao DoubleStar Eagles,"Qingdao DoubleStar Eagles, Dallas Mavericks"
Rodney McGruder,Rodney McGruder,6.33,,"Landover, Maryland",29.7.1991,Shooting guard,"Atomerőmű SE, Maine Red Claws","Maine Red Claws, Sioux Falls Skyforce","Sioux Falls Skyforce, Miami Heat"
Brandon Ingram,Brandon Ingram,6.67,,"Kinston, North Carolina",2.9.1997,Small forward,,,Los Angeles Lakers
Lavoy Allen,Lavoy Allen,6.75,American/New Zealand,"Auckland, New Zealand",4.2.1989,Power forward Center,Indiana Pacers,Indiana Pacers,Indiana Pacers
Phil Pressey,Phil Pressey,5.92,American,"Dallas, Texas",17.2.1991,Point guard,Boston Celtics,"Maine Red Claws, Philadelphia 76ers, Idaho Stampede, Phoenix Suns","Idaho Stampede, Santa Cruz Warriors"
Terrence Jones,Terrence Jones,6.75,American,"Portland, Oregon",9.1.1992,Power forward,Houston Rockets,Houston Rockets,"New Orleans Pelicans, Milwaukee Bucks"
Chris Douglas-Roberts,Chris Douglas-Roberts,6.58,American,"Detroit]], [[Michigan",8.1.1987,Small forward Shooting guard,Los Angeles Clippers,,Texas Legends
Mirza Teletovic,Mirza Teletović,,Bosnian,SFR Yugoslavia,18.09.1985,,,,
Paul Millsap,Paul Millsap,6.58,,"Monroe, Louisiana",10.2.1985,Power forward,Atlanta Hawks,Atlanta Hawks,Atlanta Hawks
James Jones,James Jones,6.67,American,"Miami, Florida",4.10.1980,Small forward,Cleveland Cavaliers,Cleveland Cavaliers,Cleveland Cavaliers
Dragan Bender,Dragan Bender,7.0,Croatian,Čapljina,17.11.1997,Power forward Center,"KK Kaštela, Maccabi Tel Aviv B.C., Ironi Ramat Gan","Maccabi Tel Aviv B.C., Ironi Ramat Gan","Maccabi Tel Aviv B.C., Phoenix Suns"
Chris Bosh,Chris Bosh,6.92,,"Dallas, Texas",24.3.1984,Power forward Center,Miami Heat,Miami Heat,Miami Heat
Bradley Beal,Bradley Beal,6.33,,"St. Louis, Missouri",28.6.1993,Shooting guard,,,
Toney Douglas,Toney Douglas,,American,"Tampa, Florida",16.03.1986,Point guard,"Jiangsu Dragons, New Orleans Pelicans","Jiangsu Dragons, New Orleans Pelicans",Memphis Grizzlies
RJ Hunter,R. J. Hunter,6.42,American,"Oxford, Ohio",24.10.1993,Shooting guard,,"Boston Celtics, Maine Red Claws","Maine Red Claws, Chicago Bulls, Windy City Bulls"
Nerlens Noel,Nerlens Noel,6.83,American,"Malden, Massachusetts",10.4.1994,Center,Philadelphia 76ers,Philadelphia 76ers,"Philadelphia 76ers, Dallas Mavericks"
Donald Sloan,Donald Sloan,6.25,American,"Shreveport, Louisiana",15.1.1988,Point guard Shooting guard,Indiana Pacers,Brooklyn Nets,Guangdong Southern Tigers
Taurean Prince,Taurean Prince,6.5,,"San Marcos, Texas",22.3.1994,Small forward,,,"Atlanta Hawks, Long Island Nets"
David West,David West,6.75,American,"Teaneck, New Jersey",29.8.1980,Power forward,Indiana Pacers,San Antonio Spurs,Golden State Warriors
Dirk Nowitzki,Dirk Nowitzki,7.0,,"Würzburg]], [[West Germany",19.6.1978,Power forward,Dallas Mavericks,Dallas Mavericks,Dallas Mavericks
Jake Layman,Jake Layman,6.67,,"Norwood, Massachusetts",7.3.1994,Small forward,,,Portland Trail Blazers
Tayshaun Prince,Tayshaun Prince,6.75,American,"Compton, California",28.2.1980,Small forward,"Memphis Grizzlies, Boston Celtics, Detroit Pistons",Minnesota Timberwolves,
Jason Thompson,Jason Thompson,6.92,American,"Mount Laurel, New Jersey",21.7.1986,Center Power forward,Sacramento Kings,"Golden State Warriors, Toronto Raptors",Shandong Golden Stars
Tyreke Evans,Tyreke Evans,6.5,American,"Chester, Pennsylvania",19.9.1989,Small forward Shooting guard,New Orleans Pelicans,New Orleans Pelicans,"New Orleans Pelicans, Sacramento Kings"
Jordan Adams,Jordan Adams,6.42,,"Atlanta, Georgia",8.7.1994,Shooting guard,"Memphis Grizzlies, Iowa Energy","Memphis Grizzlies, Iowa Energy",
Michael Beasley,Michael Beasley,6.75,American,"Cheverly, Maryland",9.1.1989,Power forward small forward,"Shanghai Sharks, Miami Heat","Shanghai Sharks, Shandong Golden Stars, Houston Rockets","Shandong Golden Stars, Milwaukee Bucks"
Omri Casspi,Omri Casspi,6.75,Israeli,Holon,22.6.1988,Small forward,Sacramento Kings,Sacramento Kings,"Sacramento Kings, New Orleans Pelicans, Minnesota Timberwolves"
C.J. Watson,C. J. Watson,6.17,American,"Las Vegas]], [[Nevada",17.4.1984,Point guard,Indiana Pacers,Orlando Magic,Orlando Magic
Montrezl Harrell,Montrezl Harrell,6.58,,"Tarboro, North Carolina",26.1.1994,Center Power forward,,"Houston Rockets, Rio Grande Valley Vipers","Houston Rockets, Rio Grande Valley Vipers"
Samuel Dalembert,Samuel Dalembert,6.92,Haitian / Canadian,Port-au-Prince,10.5.1981,Center,New York Knicks,Shanxi Zhongyu,Shanxi Zhongyu
Otto Porter Jr.,Otto Porter Jr.,6.67,,"St. Louis, Missouri",3.6.1993,Small forward Power forward,Washington Wizards,Washington Wizards,Washington Wizards
Skal Labissiere,Skal Labissière,6.83,Haitian,Port-au-Prince,18.3.1996,Power forward Center,,,"Sacramento Kings, Stockton Kings"
Jamal Crawford,Jamal Crawford,6.42,,"Seattle, Washington",20.03.1980,Shooting guard,Los Angeles Clippers,Los Angeles Clippers,Los Angeles Clippers
Quincy Pondexter,Quincy Pondexter,6.58,American,"Fresno, California",10.3.1988,Small forward Shooting guard,"Memphis Grizzlies, New Orleans Pelicans",New Orleans Pelicans,New Orleans Pelicans
Jameer Nelson,Jameer Nelson,6.0,American,"Chester, Pennsylvania",9.2.1982,Point guard,"Dallas Mavericks, Boston Celtics, Denver Nuggets",Denver Nuggets,Denver Nuggets
Kendrick Perkins,Kendrick Perkins,6.83,,"Nederland, Texas",10.11.1984,Center,"Oklahoma City Thunder, Cleveland Cavaliers",New Orleans Pelicans,
Jordan Crawford,Jordan Crawford,6.33,American,"Detroit, Michigan",23.10.1988,Shooting guard,Xinjiang Flying Tigers,"Fort Wayne Mad Ants, Tianjin Ronggang","Tianjin Ronggang, Grand Rapids Drive, New Orleans Pelicans"
Thomas Robinson,Thomas Robinson,6.83,American / Lebanese,"Washington, D.C.",17.3.1991,Center Power forward,"Portland Trail Blazers, Philadelphia 76ers",Brooklyn Nets,Los Angeles Lakers
Harrison Barnes,Harrison Barnes,6.67,,"Ames, Iowa",30.5.1992,Small forward Power forward,Golden State Warriors,Golden State Warriors,Dallas Mavericks
Justin Hamilton,Justin Hamilton,7.0,American / Croatian,"Newport Beach, California",1.4.1990,Center,"Sioux Falls Skyforce, Miami Heat, Sioux Falls Skyforce, Minnesota Timberwolves",Valencia BC,"Valencia BC, Brooklyn Nets"
Raymond Felton,Raymond Felton,6.08,American,"Marion, South Carolina",26.6.1984,Point guard Shooting guard,Dallas Mavericks,Dallas Mavericks,Los Angeles Clippers
Garrett Temple,Garrett Temple,6.5,,"Baton Rouge, Louisiana",8.5.1986,Shooting guard Small forward,Washington Wizards,Washington Wizards,Sacramento Kings
